,Company Label
0,CSCO.csv
1,CSCO.csv
2,CSCO.csv
3,CSCO.csv
4,CSCO.csv
5,CSCO.csv
6,CSCO.csv
7,CSCO.csv
8,CSCO.csv
9,CSCO.csv
10,CSCO.csv
11,CSCO.csv
12,CSCO.csv
13,CSCO.csv
14,CSCO.csv
15,CSCO.csv
16,CSCO.csv
17,CSCO.csv
18,CSCO.csv
19,CSCO.csv
20,CSCO.csv
21,CSCO.csv
22,CSCO.csv
23,CSCO.csv
24,CSCO.csv
25,CSCO.csv
26,CSCO.csv
27,CSCO.csv
28,CSCO.csv
29,CSCO.csv
30,CSCO.csv
31,CSCO.csv
32,CSCO.csv
33,CSCO.csv
34,CSCO.csv
35,CSCO.csv
36,CSCO.csv
37,CSCO.csv
38,CSCO.csv
39,CSCO.csv
40,CSCO.csv
41,CSCO.csv
42,CSCO.csv
43,CSCO.csv
44,CSCO.csv
45,CSCO.csv
46,CSCO.csv
47,CSCO.csv
48,CSCO.csv
49,CSCO.csv
50,CSCO.csv
51,CSCO.csv
52,CSCO.csv
53,CSCO.csv
54,CSCO.csv
55,CSCO.csv
56,CSCO.csv
57,CSCO.csv
58,CSCO.csv
59,CSCO.csv
60,CSCO.csv
61,CSCO.csv
62,CSCO.csv
63,CSCO.csv
64,CSCO.csv
65,CSCO.csv
66,CSCO.csv
67,CSCO.csv
68,CSCO.csv
69,CSCO.csv
70,CSCO.csv
71,CSCO.csv
72,CSCO.csv
73,CSCO.csv
74,CSCO.csv
75,CSCO.csv
76,CSCO.csv
77,CSCO.csv
78,CSCO.csv
79,CSCO.csv
80,CSCO.csv
81,CSCO.csv
82,CSCO.csv
83,CSCO.csv
84,CSCO.csv
85,CSCO.csv
86,CSCO.csv
87,CSCO.csv
88,CSCO.csv
89,BA.csv
90,BA.csv
91,BA.csv
92,BA.csv
93,BA.csv
94,BA.csv
95,BA.csv
96,BA.csv
97,BA.csv
98,BA.csv
99,BA.csv
100,BA.csv
101,BA.csv
102,BA.csv
103,BA.csv
104,BA.csv
105,BA.csv
106,BA.csv
107,BA.csv
108,BA.csv
109,BA.csv
110,BA.csv
111,BA.csv
112,BA.csv
113,BA.csv
114,BA.csv
115,BA.csv
116,BA.csv
117,BA.csv
118,BA.csv
119,BA.csv
120,BA.csv
121,BA.csv
122,BA.csv
123,BA.csv
124,BA.csv
125,BA.csv
126,BA.csv
127,BA.csv
128,BA.csv
129,BA.csv
130,BA.csv
131,BA.csv
132,BA.csv
133,BA.csv
134,BA.csv
135,BA.csv
136,BA.csv
137,BA.csv
138,BA.csv
139,BA.csv
140,BA.csv
141,BA.csv
142,BA.csv
143,BA.csv
144,BA.csv
145,BA.csv
146,BA.csv
147,BA.csv
148,BA.csv
149,BA.csv
150,BA.csv
151,BA.csv
152,BA.csv
153,BA.csv
154,BA.csv
155,BA.csv
156,BA.csv
157,BA.csv
158,BA.csv
159,BA.csv
160,BA.csv
161,BA.csv
162,BA.csv
163,BA.csv
164,BA.csv
165,BA.csv
166,BA.csv
167,BA.csv
168,BA.csv
169,BA.csv
170,BA.csv
171,BA.csv
172,BA.csv
173,BA.csv
174,BA.csv
175,BA.csv
176,BA.csv
177,BA.csv
178,BA.csv
179,BA.csv
180,BA.csv
181,BA.csv
182,BA.csv
183,BA.csv
184,BA.csv
185,BA.csv
186,BA.csv
187,BA.csv
188,BA.csv
189,BA.csv
190,BA.csv
191,BA.csv
192,BA.csv
193,BA.csv
194,BA.csv
195,BA.csv
196,BA.csv
197,BA.csv
198,BA.csv
199,BA.csv
200,BA.csv
201,BA.csv
202,BA.csv
203,BA.csv
204,BA.csv
205,BA.csv
206,BA.csv
207,BA.csv
208,BA.csv
209,BA.csv
210,BA.csv
211,BA.csv
212,BA.csv
213,BA.csv
214,BA.csv
215,BA.csv
216,BA.csv
217,BA.csv
218,BA.csv
219,BA.csv
220,BA.csv
221,BA.csv
222,BA.csv
223,BA.csv
224,BA.csv
225,BA.csv
226,BA.csv
227,BA.csv
228,BA.csv
229,BA.csv
230,BA.csv
231,BA.csv
232,BA.csv
233,BA.csv
234,BA.csv
235,BA.csv
236,BA.csv
237,BA.csv
238,BA.csv
239,BA.csv
240,BA.csv
241,BA.csv
242,BA.csv
243,BA.csv
244,BA.csv
245,BA.csv
246,BA.csv
247,BA.csv
248,BA.csv
249,BA.csv
250,BA.csv
251,BA.csv
252,BA.csv
253,BA.csv
254,BA.csv
255,BA.csv
256,BA.csv
257,BA.csv
258,BA.csv
259,BA.csv
260,BA.csv
261,BA.csv
262,BA.csv
263,BA.csv
264,BA.csv
265,BA.csv
266,BA.csv
267,BA.csv
268,BA.csv
269,BA.csv
270,BA.csv
271,BA.csv
272,BA.csv
273,BA.csv
274,BA.csv
275,BA.csv
276,BA.csv
277,BA.csv
278,BA.csv
279,BA.csv
280,BA.csv
281,BA.csv
282,BA.csv
283,BA.csv
284,BA.csv
285,BA.csv
286,BA.csv
287,BA.csv
288,BA.csv
289,BA.csv
290,BA.csv
291,BA.csv
292,BA.csv
293,BA.csv
294,BA.csv
295,BA.csv
296,BA.csv
297,BA.csv
298,BA.csv
299,BA.csv
300,BA.csv
301,BA.csv
302,BA.csv
303,BA.csv
304,BA.csv
305,BA.csv
306,BA.csv
307,BA.csv
308,BA.csv
309,BA.csv
310,BA.csv
311,BA.csv
312,BA.csv
313,BA.csv
314,BA.csv
315,BA.csv
316,BA.csv
317,BA.csv
318,BA.csv
319,BA.csv
320,BA.csv
321,BA.csv
322,BA.csv
323,BA.csv
324,BA.csv
325,BA.csv
326,BA.csv
327,BA.csv
328,BA.csv
329,BA.csv
330,BA.csv
331,BA.csv
332,BA.csv
333,BA.csv
334,BA.csv
335,BA.csv
336,BA.csv
337,BA.csv
338,BA.csv
339,BA.csv
340,BA.csv
341,BA.csv
342,BA.csv
343,BA.csv
344,BA.csv
345,BA.csv
346,BA.csv
347,V.csv
348,V.csv
349,V.csv
350,V.csv
351,V.csv
352,V.csv
353,V.csv
354,V.csv
355,V.csv
356,V.csv
357,V.csv
358,V.csv
359,V.csv
360,V.csv
361,V.csv
362,V.csv
363,V.csv
364,V.csv
365,V.csv
366,V.csv
367,V.csv
368,V.csv
369,V.csv
370,V.csv
371,V.csv
372,V.csv
373,V.csv
374,V.csv
375,V.csv
376,V.csv
377,V.csv
378,V.csv
379,V.csv
380,V.csv
381,V.csv
382,V.csv
383,V.csv
384,V.csv
385,V.csv
386,V.csv
387,V.csv
388,V.csv
389,V.csv
390,V.csv
391,V.csv
392,V.csv
393,V.csv
394,V.csv
395,V.csv
396,V.csv
397,V.csv
398,V.csv
399,V.csv
400,V.csv
401,V.csv
402,V.csv
403,V.csv
404,V.csv
405,V.csv
406,V.csv
407,V.csv
408,V.csv
409,V.csv
410,V.csv
411,V.csv
412,V.csv
413,V.csv
414,V.csv
415,V.csv
416,V.csv
417,V.csv
418,V.csv
419,V.csv
420,V.csv
421,V.csv
422,V.csv
423,V.csv
424,V.csv
425,V.csv
426,V.csv
427,V.csv
428,V.csv
429,V.csv
430,V.csv
431,V.csv
432,V.csv
433,V.csv
434,V.csv
435,V.csv
436,V.csv
437,V.csv
438,V.csv
439,V.csv
440,V.csv
441,V.csv
442,V.csv
443,V.csv
444,V.csv
445,V.csv
446,V.csv
447,V.csv
448,V.csv
449,V.csv
450,V.csv
451,V.csv
452,V.csv
453,V.csv
454,V.csv
455,V.csv
456,V.csv
457,V.csv
458,V.csv
459,V.csv
460,V.csv
461,V.csv
462,V.csv
463,V.csv
464,V.csv
465,V.csv
466,V.csv
467,V.csv
468,V.csv
469,V.csv
470,V.csv
471,V.csv
472,V.csv
473,V.csv
474,V.csv
475,V.csv
476,V.csv
477,V.csv
478,V.csv
479,V.csv
480,V.csv
481,V.csv
482,V.csv
483,V.csv
484,V.csv
485,V.csv
486,V.csv
487,V.csv
488,V.csv
489,V.csv
490,V.csv
491,V.csv
492,V.csv
493,V.csv
494,V.csv
495,V.csv
496,V.csv
497,V.csv
498,V.csv
499,V.csv
500,V.csv
501,V.csv
502,V.csv
503,V.csv
504,V.csv
505,V.csv
506,V.csv
507,V.csv
508,V.csv
509,V.csv
510,V.csv
511,V.csv
512,V.csv
513,V.csv
514,V.csv
515,V.csv
516,V.csv
517,V.csv
518,V.csv
519,V.csv
520,V.csv
521,V.csv
522,V.csv
523,V.csv
524,V.csv
525,V.csv
526,V.csv
527,V.csv
528,V.csv
529,V.csv
530,V.csv
531,V.csv
532,V.csv
533,V.csv
534,V.csv
535,V.csv
536,V.csv
537,V.csv
538,V.csv
539,V.csv
540,V.csv
541,V.csv
542,V.csv
543,V.csv
544,V.csv
545,V.csv
546,V.csv
547,V.csv
548,V.csv
549,V.csv
550,V.csv
551,V.csv
552,V.csv
553,V.csv
554,V.csv
555,V.csv
556,V.csv
557,V.csv
558,V.csv
559,V.csv
560,V.csv
561,V.csv
562,V.csv
563,V.csv
564,V.csv
565,V.csv
566,V.csv
567,V.csv
568,V.csv
569,V.csv
570,V.csv
571,V.csv
572,V.csv
573,V.csv
574,V.csv
575,V.csv
576,V.csv
577,V.csv
578,V.csv
579,V.csv
580,V.csv
581,V.csv
582,V.csv
583,V.csv
584,V.csv
585,V.csv
586,V.csv
587,V.csv
588,V.csv
589,V.csv
590,V.csv
591,V.csv
592,V.csv
593,V.csv
594,V.csv
595,V.csv
596,V.csv
597,V.csv
598,V.csv
599,V.csv
600,V.csv
601,V.csv
602,V.csv
603,V.csv
604,V.csv
605,WBA.csv
606,WBA.csv
607,WBA.csv
608,WBA.csv
609,WBA.csv
610,WBA.csv
611,WBA.csv
612,WBA.csv
613,WBA.csv
614,WBA.csv
615,WBA.csv
616,WBA.csv
617,WBA.csv
618,WBA.csv
619,WBA.csv
620,WBA.csv
621,WBA.csv
622,WBA.csv
623,WBA.csv
624,WBA.csv
625,WBA.csv
626,WBA.csv
627,WBA.csv
628,WBA.csv
629,WBA.csv
630,WBA.csv
631,WBA.csv
632,WBA.csv
633,WBA.csv
634,WBA.csv
635,WBA.csv
636,WBA.csv
637,WBA.csv
638,WBA.csv
639,WBA.csv
640,WBA.csv
641,WBA.csv
642,WBA.csv
643,WBA.csv
644,WBA.csv
645,WBA.csv
646,WBA.csv
647,WBA.csv
648,WBA.csv
649,WBA.csv
650,WBA.csv
651,WBA.csv
652,WBA.csv
653,WBA.csv
654,WBA.csv
655,WBA.csv
656,WBA.csv
657,WBA.csv
658,WBA.csv
659,WBA.csv
660,WBA.csv
661,WBA.csv
662,WBA.csv
663,WBA.csv
664,WBA.csv
665,WBA.csv
666,WBA.csv
667,WBA.csv
668,WBA.csv
669,WBA.csv
670,WBA.csv
671,WBA.csv
672,WBA.csv
673,WBA.csv
674,WBA.csv
675,WBA.csv
676,WBA.csv
677,WBA.csv
678,WBA.csv
679,WBA.csv
680,WBA.csv
681,WBA.csv
682,WBA.csv
683,WBA.csv
684,WBA.csv
685,WBA.csv
686,WBA.csv
687,WBA.csv
688,WBA.csv
689,WBA.csv
690,WBA.csv
691,WBA.csv
692,WBA.csv
693,WBA.csv
694,WBA.csv
695,WBA.csv
696,WBA.csv
697,WBA.csv
698,WBA.csv
699,WBA.csv
700,WBA.csv
701,WBA.csv
702,WBA.csv
703,WBA.csv
704,WBA.csv
705,WBA.csv
706,WBA.csv
707,WBA.csv
708,WBA.csv
709,WBA.csv
710,WBA.csv
711,WBA.csv
712,WBA.csv
713,WBA.csv
714,WBA.csv
715,WBA.csv
716,WBA.csv
717,WBA.csv
718,WBA.csv
719,WBA.csv
720,WBA.csv
721,WBA.csv
722,WBA.csv
723,WBA.csv
724,WBA.csv
725,WBA.csv
726,WBA.csv
727,WBA.csv
728,WBA.csv
729,WBA.csv
730,WBA.csv
731,WBA.csv
732,WBA.csv
733,WBA.csv
734,WBA.csv
735,WBA.csv
736,WBA.csv
737,WBA.csv
738,WBA.csv
739,WBA.csv
740,WBA.csv
741,WBA.csv
742,WBA.csv
743,WBA.csv
744,WBA.csv
745,WBA.csv
746,WBA.csv
747,WBA.csv
748,WBA.csv
749,WBA.csv
750,WBA.csv
751,WBA.csv
752,WBA.csv
753,WBA.csv
754,WBA.csv
755,WBA.csv
756,WBA.csv
757,WBA.csv
758,WBA.csv
759,WBA.csv
760,WBA.csv
761,WBA.csv
762,WBA.csv
763,WBA.csv
764,WBA.csv
765,WBA.csv
766,WBA.csv
767,WBA.csv
768,WBA.csv
769,WBA.csv
770,WBA.csv
771,WBA.csv
772,WBA.csv
773,WBA.csv
774,WBA.csv
775,WBA.csv
776,WBA.csv
777,WBA.csv
778,WBA.csv
779,WBA.csv
780,WBA.csv
781,WBA.csv
782,WBA.csv
783,WBA.csv
784,WBA.csv
785,WBA.csv
786,WBA.csv
787,WBA.csv
788,WBA.csv
789,WBA.csv
790,WBA.csv
791,WBA.csv
792,WBA.csv
793,WBA.csv
794,WBA.csv
795,WBA.csv
796,WBA.csv
797,WBA.csv
798,WBA.csv
799,WBA.csv
800,WBA.csv
801,WBA.csv
802,WBA.csv
803,WBA.csv
804,WBA.csv
805,WBA.csv
806,WBA.csv
807,WBA.csv
808,WBA.csv
809,WBA.csv
810,WBA.csv
811,WBA.csv
812,WBA.csv
813,WBA.csv
814,WBA.csv
815,WBA.csv
816,WBA.csv
817,WBA.csv
818,WBA.csv
819,WBA.csv
820,WBA.csv
821,WBA.csv
822,WBA.csv
823,WBA.csv
824,WBA.csv
825,WBA.csv
826,WBA.csv
827,WBA.csv
828,WBA.csv
829,WBA.csv
830,WBA.csv
831,WBA.csv
832,WBA.csv
833,WBA.csv
834,WBA.csv
835,WBA.csv
836,WBA.csv
837,WBA.csv
838,WBA.csv
839,WBA.csv
840,WBA.csv
841,WBA.csv
842,WBA.csv
843,WBA.csv
844,WBA.csv
845,WBA.csv
846,WBA.csv
847,WBA.csv
848,WBA.csv
849,WBA.csv
850,WBA.csv
851,WBA.csv
852,WBA.csv
853,WBA.csv
854,WBA.csv
855,WBA.csv
856,WBA.csv
857,WBA.csv
858,WBA.csv
859,WBA.csv
860,WBA.csv
861,WBA.csv
862,WBA.csv
863,MRK.csv
864,MRK.csv
865,MRK.csv
866,MRK.csv
867,MRK.csv
868,MRK.csv
869,MRK.csv
870,MRK.csv
871,MRK.csv
872,MRK.csv
873,MRK.csv
874,MRK.csv
875,MRK.csv
876,MRK.csv
877,MRK.csv
878,MRK.csv
879,MRK.csv
880,MRK.csv
881,MRK.csv
882,MRK.csv
883,MRK.csv
884,MRK.csv
885,MRK.csv
886,MRK.csv
887,MRK.csv
888,MRK.csv
889,MRK.csv
890,MRK.csv
891,MRK.csv
892,MRK.csv
893,MRK.csv
894,MRK.csv
895,MRK.csv
896,MRK.csv
897,MRK.csv
898,MRK.csv
899,MRK.csv
900,MRK.csv
901,MRK.csv
902,MRK.csv
903,MRK.csv
904,MRK.csv
905,MRK.csv
906,MRK.csv
907,MRK.csv
908,MRK.csv
909,MRK.csv
910,MRK.csv
911,MRK.csv
912,MRK.csv
913,MRK.csv
914,MRK.csv
915,MRK.csv
916,MRK.csv
917,MRK.csv
918,MRK.csv
919,MRK.csv
920,MRK.csv
921,MRK.csv
922,MRK.csv
923,MRK.csv
924,MRK.csv
925,MRK.csv
926,MRK.csv
927,MRK.csv
928,MRK.csv
929,MRK.csv
930,MRK.csv
931,MRK.csv
932,MRK.csv
933,MRK.csv
934,MRK.csv
935,MRK.csv
936,MRK.csv
937,MRK.csv
938,MRK.csv
939,MRK.csv
940,MRK.csv
941,MRK.csv
942,MRK.csv
943,MRK.csv
944,MRK.csv
945,MRK.csv
946,MRK.csv
947,MRK.csv
948,MRK.csv
949,MRK.csv
950,MRK.csv
951,MRK.csv
952,MRK.csv
953,MRK.csv
954,MRK.csv
955,MRK.csv
956,MRK.csv
957,MRK.csv
958,MRK.csv
959,MRK.csv
960,MRK.csv
961,MRK.csv
962,MRK.csv
963,MRK.csv
964,MRK.csv
965,MRK.csv
966,MRK.csv
967,MRK.csv
968,MRK.csv
969,MRK.csv
970,MRK.csv
971,MRK.csv
972,MRK.csv
973,MRK.csv
974,MRK.csv
975,MRK.csv
976,MRK.csv
977,MRK.csv
978,MRK.csv
979,MRK.csv
980,MRK.csv
981,MRK.csv
982,MRK.csv
983,MRK.csv
984,MRK.csv
985,MRK.csv
986,MRK.csv
987,MRK.csv
988,MRK.csv
989,MRK.csv
990,MRK.csv
991,MRK.csv
992,MRK.csv
993,MRK.csv
994,MRK.csv
995,MRK.csv
996,MRK.csv
997,MRK.csv
998,MRK.csv
999,MRK.csv
1000,MRK.csv
1001,MRK.csv
1002,MRK.csv
1003,MRK.csv
1004,MRK.csv
1005,MRK.csv
1006,MRK.csv
1007,MRK.csv
1008,MRK.csv
1009,MRK.csv
1010,MRK.csv
1011,MRK.csv
1012,MRK.csv
1013,MRK.csv
1014,MRK.csv
1015,MRK.csv
1016,MRK.csv
1017,MRK.csv
1018,MRK.csv
1019,MRK.csv
1020,MRK.csv
1021,MRK.csv
1022,MRK.csv
1023,MRK.csv
1024,MRK.csv
1025,MRK.csv
1026,MRK.csv
1027,MRK.csv
1028,MRK.csv
1029,MRK.csv
1030,MRK.csv
1031,MRK.csv
1032,MRK.csv
1033,MRK.csv
1034,MRK.csv
1035,MRK.csv
1036,MRK.csv
1037,MRK.csv
1038,MRK.csv
1039,MRK.csv
1040,MRK.csv
1041,MRK.csv
1042,MRK.csv
1043,MRK.csv
1044,MRK.csv
1045,MRK.csv
1046,MRK.csv
1047,MRK.csv
1048,MRK.csv
1049,MRK.csv
1050,MRK.csv
1051,MRK.csv
1052,MRK.csv
1053,MRK.csv
1054,MRK.csv
1055,MRK.csv
1056,MRK.csv
1057,MRK.csv
1058,MRK.csv
1059,MRK.csv
1060,MRK.csv
1061,MRK.csv
1062,MRK.csv
1063,MRK.csv
1064,MRK.csv
1065,MRK.csv
1066,MRK.csv
1067,MRK.csv
1068,MRK.csv
1069,MRK.csv
1070,MRK.csv
1071,MRK.csv
1072,MRK.csv
1073,MRK.csv
1074,MRK.csv
1075,MRK.csv
1076,MRK.csv
1077,MRK.csv
1078,MRK.csv
1079,MRK.csv
1080,MRK.csv
1081,MRK.csv
1082,MRK.csv
1083,MRK.csv
1084,MRK.csv
1085,MRK.csv
1086,MRK.csv
1087,MRK.csv
1088,MRK.csv
1089,MRK.csv
1090,MRK.csv
1091,MRK.csv
1092,MRK.csv
1093,MRK.csv
1094,MRK.csv
1095,MRK.csv
1096,MRK.csv
1097,MRK.csv
1098,MRK.csv
1099,MRK.csv
1100,MRK.csv
1101,MRK.csv
1102,MRK.csv
1103,MRK.csv
1104,MRK.csv
1105,MRK.csv
1106,MRK.csv
1107,MRK.csv
1108,MRK.csv
1109,MRK.csv
1110,MRK.csv
1111,MRK.csv
1112,MRK.csv
1113,MRK.csv
1114,MRK.csv
1115,MRK.csv
1116,MRK.csv
1117,MRK.csv
1118,MRK.csv
1119,MRK.csv
1120,MRK.csv
1121,PG.csv
1122,PG.csv
1123,PG.csv
1124,PG.csv
1125,PG.csv
1126,PG.csv
1127,PG.csv
1128,PG.csv
1129,PG.csv
1130,PG.csv
1131,PG.csv
1132,PG.csv
1133,PG.csv
1134,PG.csv
1135,PG.csv
1136,PG.csv
1137,PG.csv
1138,PG.csv
1139,PG.csv
1140,PG.csv
1141,PG.csv
1142,PG.csv
1143,PG.csv
1144,PG.csv
1145,PG.csv
1146,PG.csv
1147,PG.csv
1148,PG.csv
1149,PG.csv
1150,PG.csv
1151,PG.csv
1152,PG.csv
1153,PG.csv
1154,PG.csv
1155,PG.csv
1156,PG.csv
1157,PG.csv
1158,PG.csv
1159,PG.csv
1160,PG.csv
1161,PG.csv
1162,PG.csv
1163,PG.csv
1164,PG.csv
1165,PG.csv
1166,PG.csv
1167,PG.csv
1168,PG.csv
1169,PG.csv
1170,PG.csv
1171,PG.csv
1172,PG.csv
1173,PG.csv
1174,PG.csv
1175,PG.csv
1176,PG.csv
1177,PG.csv
1178,PG.csv
1179,PG.csv
1180,PG.csv
1181,PG.csv
1182,PG.csv
1183,PG.csv
1184,PG.csv
1185,PG.csv
1186,PG.csv
1187,PG.csv
1188,PG.csv
1189,PG.csv
1190,PG.csv
1191,PG.csv
1192,PG.csv
1193,PG.csv
1194,PG.csv
1195,PG.csv
1196,PG.csv
1197,PG.csv
1198,PG.csv
1199,PG.csv
1200,PG.csv
1201,PG.csv
1202,PG.csv
1203,PG.csv
1204,PG.csv
1205,PG.csv
1206,PG.csv
1207,PG.csv
1208,PG.csv
1209,PG.csv
1210,PG.csv
1211,PG.csv
1212,PG.csv
1213,PG.csv
1214,PG.csv
1215,PG.csv
1216,PG.csv
1217,PG.csv
1218,PG.csv
1219,PG.csv
1220,PG.csv
1221,PG.csv
1222,PG.csv
1223,PG.csv
1224,PG.csv
1225,PG.csv
1226,PG.csv
1227,PG.csv
1228,PG.csv
1229,PG.csv
1230,PG.csv
1231,PG.csv
1232,PG.csv
1233,PG.csv
1234,PG.csv
1235,PG.csv
1236,PG.csv
1237,PG.csv
1238,PG.csv
1239,PG.csv
1240,PG.csv
1241,PG.csv
1242,PG.csv
1243,PG.csv
1244,PG.csv
1245,PG.csv
1246,PG.csv
1247,PG.csv
1248,PG.csv
1249,PG.csv
1250,PG.csv
1251,PG.csv
1252,PG.csv
1253,PG.csv
1254,PG.csv
1255,PG.csv
1256,PG.csv
1257,PG.csv
1258,PG.csv
1259,PG.csv
1260,PG.csv
1261,PG.csv
1262,PG.csv
1263,PG.csv
1264,PG.csv
1265,PG.csv
1266,PG.csv
1267,PG.csv
1268,PG.csv
1269,PG.csv
1270,PG.csv
1271,PG.csv
1272,PG.csv
1273,PG.csv
1274,PG.csv
1275,PG.csv
1276,PG.csv
1277,PG.csv
1278,PG.csv
1279,PG.csv
1280,PG.csv
1281,PG.csv
1282,PG.csv
1283,PG.csv
1284,PG.csv
1285,PG.csv
1286,PG.csv
1287,PG.csv
1288,PG.csv
1289,PG.csv
1290,PG.csv
1291,PG.csv
1292,PG.csv
1293,PG.csv
1294,PG.csv
1295,PG.csv
1296,PG.csv
1297,PG.csv
1298,PG.csv
1299,PG.csv
1300,PG.csv
1301,PG.csv
1302,PG.csv
1303,PG.csv
1304,PG.csv
1305,PG.csv
1306,PG.csv
1307,PG.csv
1308,PG.csv
1309,PG.csv
1310,PG.csv
1311,PG.csv
1312,PG.csv
1313,PG.csv
1314,PG.csv
1315,PG.csv
1316,PG.csv
1317,PG.csv
1318,PG.csv
1319,PG.csv
1320,PG.csv
1321,PG.csv
1322,PG.csv
1323,PG.csv
1324,PG.csv
1325,PG.csv
1326,PG.csv
1327,PG.csv
1328,PG.csv
1329,PG.csv
1330,PG.csv
1331,PG.csv
1332,PG.csv
1333,PG.csv
1334,PG.csv
1335,PG.csv
1336,PG.csv
1337,PG.csv
1338,PG.csv
1339,PG.csv
1340,PG.csv
1341,PG.csv
1342,PG.csv
1343,PG.csv
1344,PG.csv
1345,PG.csv
1346,PG.csv
1347,PG.csv
1348,PG.csv
1349,PG.csv
1350,PG.csv
1351,PG.csv
1352,PG.csv
1353,PG.csv
1354,PG.csv
1355,PG.csv
1356,PG.csv
1357,PG.csv
1358,PG.csv
1359,PG.csv
1360,PG.csv
1361,PG.csv
1362,PG.csv
1363,PG.csv
1364,PG.csv
1365,PG.csv
1366,PG.csv
1367,PG.csv
1368,PG.csv
1369,PG.csv
1370,PG.csv
1371,PG.csv
1372,PG.csv
1373,PG.csv
1374,PG.csv
1375,PG.csv
1376,PG.csv
1377,PG.csv
1378,PG.csv
1379,CAT.csv
1380,CAT.csv
1381,CAT.csv
1382,CAT.csv
1383,CAT.csv
1384,CAT.csv
1385,CAT.csv
1386,CAT.csv
1387,CAT.csv
1388,CAT.csv
1389,CAT.csv
1390,CAT.csv
1391,CAT.csv
1392,CAT.csv
1393,CAT.csv
1394,CAT.csv
1395,CAT.csv
1396,CAT.csv
1397,CAT.csv
1398,CAT.csv
1399,CAT.csv
1400,CAT.csv
1401,CAT.csv
1402,CAT.csv
1403,CAT.csv
1404,CAT.csv
1405,CAT.csv
1406,CAT.csv
1407,CAT.csv
1408,CAT.csv
1409,CAT.csv
1410,CAT.csv
1411,CAT.csv
1412,CAT.csv
1413,CAT.csv
1414,CAT.csv
1415,CAT.csv
1416,CAT.csv
1417,CAT.csv
1418,CAT.csv
1419,CAT.csv
1420,CAT.csv
1421,CAT.csv
1422,CAT.csv
1423,CAT.csv
1424,CAT.csv
1425,CAT.csv
1426,CAT.csv
1427,CAT.csv
1428,CAT.csv
1429,CAT.csv
1430,CAT.csv
1431,CAT.csv
1432,CAT.csv
1433,CAT.csv
1434,CAT.csv
1435,CAT.csv
1436,CAT.csv
1437,CAT.csv
1438,CAT.csv
1439,CAT.csv
1440,CAT.csv
1441,CAT.csv
1442,CAT.csv
1443,CAT.csv
1444,CAT.csv
1445,CAT.csv
1446,CAT.csv
1447,CAT.csv
1448,CAT.csv
1449,CAT.csv
1450,CAT.csv
1451,CAT.csv
1452,CAT.csv
1453,CAT.csv
1454,CAT.csv
1455,CAT.csv
1456,CAT.csv
1457,CAT.csv
1458,CAT.csv
1459,CAT.csv
1460,CAT.csv
1461,CAT.csv
1462,CAT.csv
1463,CAT.csv
1464,CAT.csv
1465,CAT.csv
1466,CAT.csv
1467,CAT.csv
1468,CAT.csv
1469,CAT.csv
1470,CAT.csv
1471,CAT.csv
1472,CAT.csv
1473,CAT.csv
1474,CAT.csv
1475,CAT.csv
1476,CAT.csv
1477,CAT.csv
1478,CAT.csv
1479,CAT.csv
1480,CAT.csv
1481,CAT.csv
1482,CAT.csv
1483,CAT.csv
1484,CAT.csv
1485,CAT.csv
1486,CAT.csv
1487,CAT.csv
1488,CAT.csv
1489,CAT.csv
1490,CAT.csv
1491,CAT.csv
1492,CAT.csv
1493,CAT.csv
1494,CAT.csv
1495,CAT.csv
1496,CAT.csv
1497,CAT.csv
1498,CAT.csv
1499,CAT.csv
1500,CAT.csv
1501,CAT.csv
1502,CAT.csv
1503,CAT.csv
1504,CAT.csv
1505,CAT.csv
1506,CAT.csv
1507,CAT.csv
1508,CAT.csv
1509,CAT.csv
1510,CAT.csv
1511,CAT.csv
1512,CAT.csv
1513,CAT.csv
1514,CAT.csv
1515,CAT.csv
1516,CAT.csv
1517,CAT.csv
1518,CAT.csv
1519,CAT.csv
1520,CAT.csv
1521,CAT.csv
1522,CAT.csv
1523,CAT.csv
1524,CAT.csv
1525,CAT.csv
1526,CAT.csv
1527,CAT.csv
1528,CAT.csv
1529,CAT.csv
1530,CAT.csv
1531,CAT.csv
1532,CAT.csv
1533,CAT.csv
1534,CAT.csv
1535,CAT.csv
1536,CAT.csv
1537,CAT.csv
1538,CAT.csv
1539,CAT.csv
1540,CAT.csv
1541,CAT.csv
1542,CAT.csv
1543,CAT.csv
1544,CAT.csv
1545,CAT.csv
1546,CAT.csv
1547,CAT.csv
1548,CAT.csv
1549,CAT.csv
1550,CAT.csv
1551,CAT.csv
1552,CAT.csv
1553,CAT.csv
1554,CAT.csv
1555,CAT.csv
1556,CAT.csv
1557,CAT.csv
1558,CAT.csv
1559,CAT.csv
1560,CAT.csv
1561,CAT.csv
1562,CAT.csv
1563,CAT.csv
1564,CAT.csv
1565,CAT.csv
1566,CAT.csv
1567,CAT.csv
1568,CAT.csv
1569,CAT.csv
1570,CAT.csv
1571,CAT.csv
1572,CAT.csv
1573,CAT.csv
1574,CAT.csv
1575,CAT.csv
1576,CAT.csv
1577,CAT.csv
1578,CAT.csv
1579,CAT.csv
1580,CAT.csv
1581,CAT.csv
1582,CAT.csv
1583,CAT.csv
1584,CAT.csv
1585,CAT.csv
1586,CAT.csv
1587,CAT.csv
1588,CAT.csv
1589,CAT.csv
1590,CAT.csv
1591,CAT.csv
1592,CAT.csv
1593,CAT.csv
1594,CAT.csv
1595,CAT.csv
1596,CAT.csv
1597,CAT.csv
1598,CAT.csv
1599,CAT.csv
1600,CAT.csv
1601,CAT.csv
1602,CAT.csv
1603,CAT.csv
1604,CAT.csv
1605,CAT.csv
1606,CAT.csv
1607,CAT.csv
1608,CAT.csv
1609,CAT.csv
1610,CAT.csv
1611,CAT.csv
1612,CAT.csv
1613,CAT.csv
1614,CAT.csv
1615,CAT.csv
1616,CAT.csv
1617,CAT.csv
1618,CAT.csv
1619,CAT.csv
1620,CAT.csv
1621,CAT.csv
1622,CAT.csv
1623,CAT.csv
1624,CAT.csv
1625,CAT.csv
1626,CAT.csv
1627,CAT.csv
1628,CAT.csv
1629,CAT.csv
1630,CAT.csv
1631,CAT.csv
1632,CAT.csv
1633,CAT.csv
1634,CAT.csv
1635,CAT.csv
1636,CAT.csv
1637,MCD.csv
1638,MCD.csv
1639,MCD.csv
1640,MCD.csv
1641,MCD.csv
1642,MCD.csv
1643,MCD.csv
1644,MCD.csv
1645,MCD.csv
1646,MCD.csv
1647,MCD.csv
1648,MCD.csv
1649,MCD.csv
1650,MCD.csv
1651,MCD.csv
1652,MCD.csv
1653,MCD.csv
1654,MCD.csv
1655,MCD.csv
1656,MCD.csv
1657,MCD.csv
1658,MCD.csv
1659,MCD.csv
1660,MCD.csv
1661,MCD.csv
1662,MCD.csv
1663,MCD.csv
1664,MCD.csv
1665,MCD.csv
1666,MCD.csv
1667,MCD.csv
1668,MCD.csv
1669,MCD.csv
1670,MCD.csv
1671,MCD.csv
1672,MCD.csv
1673,MCD.csv
1674,MCD.csv
1675,MCD.csv
1676,MCD.csv
1677,MCD.csv
1678,MCD.csv
1679,MCD.csv
1680,MCD.csv
1681,MCD.csv
1682,MCD.csv
1683,MCD.csv
1684,MCD.csv
1685,MCD.csv
1686,MCD.csv
1687,MCD.csv
1688,MCD.csv
1689,MCD.csv
1690,MCD.csv
1691,MCD.csv
1692,MCD.csv
1693,MCD.csv
1694,MCD.csv
1695,MCD.csv
1696,MCD.csv
1697,MCD.csv
1698,MCD.csv
1699,MCD.csv
1700,MCD.csv
1701,MCD.csv
1702,MCD.csv
1703,MCD.csv
1704,MCD.csv
1705,MCD.csv
1706,MCD.csv
1707,MCD.csv
1708,MCD.csv
1709,MCD.csv
1710,MCD.csv
1711,MCD.csv
1712,MCD.csv
1713,MCD.csv
1714,MCD.csv
1715,MCD.csv
1716,MCD.csv
1717,MCD.csv
1718,MCD.csv
1719,MCD.csv
1720,MCD.csv
1721,MCD.csv
1722,MCD.csv
1723,MCD.csv
1724,MCD.csv
1725,MCD.csv
1726,MCD.csv
1727,MCD.csv
1728,MCD.csv
1729,MCD.csv
1730,MCD.csv
1731,MCD.csv
1732,MCD.csv
1733,MCD.csv
1734,MCD.csv
1735,MCD.csv
1736,MCD.csv
1737,MCD.csv
1738,MCD.csv
1739,MCD.csv
1740,MCD.csv
1741,MCD.csv
1742,MCD.csv
1743,MCD.csv
1744,MCD.csv
1745,MCD.csv
1746,MCD.csv
1747,MCD.csv
1748,MCD.csv
1749,MCD.csv
1750,MCD.csv
1751,MCD.csv
1752,MCD.csv
1753,MCD.csv
1754,MCD.csv
1755,MCD.csv
1756,MCD.csv
1757,MCD.csv
1758,MCD.csv
1759,MCD.csv
1760,MCD.csv
1761,MCD.csv
1762,MCD.csv
1763,MCD.csv
1764,MCD.csv
1765,MCD.csv
1766,MCD.csv
1767,MCD.csv
1768,MCD.csv
1769,MCD.csv
1770,MCD.csv
1771,MCD.csv
1772,MCD.csv
1773,MCD.csv
1774,MCD.csv
1775,MCD.csv
1776,MCD.csv
1777,MCD.csv
1778,MCD.csv
1779,MCD.csv
1780,MCD.csv
1781,MCD.csv
1782,MCD.csv
1783,MCD.csv
1784,MCD.csv
1785,MCD.csv
1786,MCD.csv
1787,MCD.csv
1788,MCD.csv
1789,MCD.csv
1790,MCD.csv
1791,MCD.csv
1792,MCD.csv
1793,MCD.csv
1794,MCD.csv
1795,MCD.csv
1796,MCD.csv
1797,MCD.csv
1798,MCD.csv
1799,MCD.csv
1800,MCD.csv
1801,MCD.csv
1802,MCD.csv
1803,MCD.csv
1804,MCD.csv
1805,MCD.csv
1806,MCD.csv
1807,MCD.csv
1808,MCD.csv
1809,MCD.csv
1810,MCD.csv
1811,MCD.csv
1812,MCD.csv
1813,MCD.csv
1814,MCD.csv
1815,MCD.csv
1816,MCD.csv
1817,MCD.csv
1818,MCD.csv
1819,MCD.csv
1820,MCD.csv
1821,MCD.csv
1822,MCD.csv
1823,MCD.csv
1824,MCD.csv
1825,MCD.csv
1826,MCD.csv
1827,MCD.csv
1828,MCD.csv
1829,MCD.csv
1830,MCD.csv
1831,MCD.csv
1832,MCD.csv
1833,MCD.csv
1834,MCD.csv
1835,MCD.csv
1836,MCD.csv
1837,MCD.csv
1838,MCD.csv
1839,MCD.csv
1840,MCD.csv
1841,MCD.csv
1842,MCD.csv
1843,MCD.csv
1844,MCD.csv
1845,MCD.csv
1846,MCD.csv
1847,MCD.csv
1848,MCD.csv
1849,MCD.csv
1850,MCD.csv
1851,MCD.csv
1852,MCD.csv
1853,MCD.csv
1854,MCD.csv
1855,MCD.csv
1856,MCD.csv
1857,MCD.csv
1858,MCD.csv
1859,MCD.csv
1860,MCD.csv
1861,MCD.csv
1862,MCD.csv
1863,MCD.csv
1864,MCD.csv
1865,MCD.csv
1866,MCD.csv
1867,MCD.csv
1868,MCD.csv
1869,MCD.csv
1870,MCD.csv
1871,MCD.csv
1872,MCD.csv
1873,MCD.csv
1874,MCD.csv
1875,MCD.csv
1876,MCD.csv
1877,MCD.csv
1878,MCD.csv
1879,MCD.csv
1880,MCD.csv
1881,MCD.csv
1882,MCD.csv
1883,MCD.csv
1884,MCD.csv
1885,MCD.csv
1886,MCD.csv
1887,MCD.csv
1888,MCD.csv
1889,MCD.csv
1890,MCD.csv
1891,MCD.csv
1892,MCD.csv
1893,MCD.csv
1894,MCD.csv
1895,INTC.csv
1896,INTC.csv
1897,INTC.csv
1898,INTC.csv
1899,INTC.csv
1900,INTC.csv
1901,INTC.csv
1902,INTC.csv
1903,INTC.csv
1904,INTC.csv
1905,INTC.csv
1906,INTC.csv
1907,INTC.csv
1908,INTC.csv
1909,INTC.csv
1910,INTC.csv
1911,INTC.csv
1912,INTC.csv
1913,INTC.csv
1914,INTC.csv
1915,INTC.csv
1916,INTC.csv
1917,INTC.csv
1918,INTC.csv
1919,INTC.csv
1920,INTC.csv
1921,INTC.csv
1922,INTC.csv
1923,INTC.csv
1924,INTC.csv
1925,INTC.csv
1926,INTC.csv
1927,INTC.csv
1928,INTC.csv
1929,INTC.csv
1930,INTC.csv
1931,INTC.csv
1932,INTC.csv
1933,INTC.csv
1934,INTC.csv
1935,INTC.csv
1936,INTC.csv
1937,INTC.csv
1938,INTC.csv
1939,INTC.csv
1940,INTC.csv
1941,INTC.csv
1942,INTC.csv
1943,INTC.csv
1944,INTC.csv
1945,INTC.csv
1946,INTC.csv
1947,INTC.csv
1948,INTC.csv
1949,INTC.csv
1950,INTC.csv
1951,INTC.csv
1952,INTC.csv
1953,INTC.csv
1954,INTC.csv
1955,INTC.csv
1956,INTC.csv
1957,INTC.csv
1958,INTC.csv
1959,INTC.csv
1960,INTC.csv
1961,INTC.csv
1962,INTC.csv
1963,INTC.csv
1964,INTC.csv
1965,INTC.csv
1966,INTC.csv
1967,INTC.csv
1968,INTC.csv
1969,INTC.csv
1970,INTC.csv
1971,INTC.csv
1972,INTC.csv
1973,INTC.csv
1974,INTC.csv
1975,INTC.csv
1976,INTC.csv
1977,INTC.csv
1978,INTC.csv
1979,INTC.csv
1980,INTC.csv
1981,INTC.csv
1982,INTC.csv
1983,INTC.csv
1984,INTC.csv
1985,INTC.csv
1986,INTC.csv
1987,INTC.csv
1988,INTC.csv
1989,INTC.csv
1990,INTC.csv
1991,INTC.csv
1992,INTC.csv
1993,INTC.csv
1994,INTC.csv
1995,INTC.csv
1996,INTC.csv
1997,INTC.csv
1998,INTC.csv
1999,INTC.csv
2000,INTC.csv
2001,INTC.csv
2002,INTC.csv
2003,INTC.csv
2004,INTC.csv
2005,INTC.csv
2006,INTC.csv
2007,INTC.csv
2008,INTC.csv
2009,INTC.csv
2010,INTC.csv
2011,INTC.csv
2012,INTC.csv
2013,INTC.csv
2014,INTC.csv
2015,INTC.csv
2016,INTC.csv
2017,INTC.csv
2018,INTC.csv
2019,INTC.csv
2020,INTC.csv
2021,INTC.csv
2022,INTC.csv
2023,INTC.csv
2024,INTC.csv
2025,INTC.csv
2026,INTC.csv
2027,INTC.csv
2028,INTC.csv
2029,INTC.csv
2030,INTC.csv
2031,INTC.csv
2032,INTC.csv
2033,INTC.csv
2034,INTC.csv
2035,INTC.csv
2036,INTC.csv
2037,INTC.csv
2038,INTC.csv
2039,INTC.csv
2040,INTC.csv
2041,INTC.csv
2042,INTC.csv
2043,INTC.csv
2044,INTC.csv
2045,INTC.csv
2046,INTC.csv
2047,INTC.csv
2048,INTC.csv
2049,INTC.csv
2050,INTC.csv
2051,INTC.csv
2052,INTC.csv
2053,INTC.csv
2054,INTC.csv
2055,INTC.csv
2056,INTC.csv
2057,INTC.csv
2058,INTC.csv
2059,INTC.csv
2060,INTC.csv
2061,INTC.csv
2062,INTC.csv
2063,INTC.csv
2064,INTC.csv
2065,INTC.csv
2066,INTC.csv
2067,INTC.csv
2068,INTC.csv
2069,INTC.csv
2070,INTC.csv
2071,INTC.csv
2072,INTC.csv
2073,INTC.csv
2074,INTC.csv
2075,INTC.csv
2076,INTC.csv
2077,INTC.csv
2078,INTC.csv
2079,INTC.csv
2080,INTC.csv
2081,INTC.csv
2082,INTC.csv
2083,INTC.csv
2084,INTC.csv
2085,INTC.csv
2086,INTC.csv
2087,INTC.csv
2088,INTC.csv
2089,INTC.csv
2090,INTC.csv
2091,INTC.csv
2092,INTC.csv
2093,INTC.csv
2094,INTC.csv
2095,INTC.csv
2096,INTC.csv
2097,INTC.csv
2098,INTC.csv
2099,INTC.csv
2100,INTC.csv
2101,INTC.csv
2102,INTC.csv
2103,INTC.csv
2104,INTC.csv
2105,INTC.csv
2106,INTC.csv
2107,INTC.csv
2108,INTC.csv
2109,INTC.csv
2110,INTC.csv
2111,INTC.csv
2112,INTC.csv
2113,INTC.csv
2114,INTC.csv
2115,INTC.csv
2116,INTC.csv
2117,INTC.csv
2118,INTC.csv
2119,INTC.csv
2120,INTC.csv
2121,INTC.csv
2122,INTC.csv
2123,INTC.csv
2124,INTC.csv
2125,INTC.csv
2126,INTC.csv
2127,INTC.csv
2128,INTC.csv
2129,INTC.csv
2130,INTC.csv
2131,INTC.csv
2132,INTC.csv
2133,INTC.csv
2134,INTC.csv
2135,INTC.csv
2136,INTC.csv
2137,INTC.csv
2138,INTC.csv
2139,INTC.csv
2140,INTC.csv
2141,INTC.csv
2142,INTC.csv
2143,INTC.csv
2144,INTC.csv
2145,INTC.csv
2146,INTC.csv
2147,INTC.csv
2148,INTC.csv
2149,INTC.csv
2150,INTC.csv
2151,INTC.csv
2152,INTC.csv
2153,MMM.csv
2154,MMM.csv
2155,MMM.csv
2156,MMM.csv
2157,MMM.csv
2158,MMM.csv
2159,MMM.csv
2160,MMM.csv
2161,MMM.csv
2162,MMM.csv
2163,MMM.csv
2164,MMM.csv
2165,MMM.csv
2166,MMM.csv
2167,MMM.csv
2168,MMM.csv
2169,MMM.csv
2170,MMM.csv
2171,MMM.csv
2172,MMM.csv
2173,MMM.csv
2174,MMM.csv
2175,MMM.csv
2176,MMM.csv
2177,MMM.csv
2178,MMM.csv
2179,MMM.csv
2180,MMM.csv
2181,MMM.csv
2182,MMM.csv
2183,MMM.csv
2184,MMM.csv
2185,MMM.csv
2186,MMM.csv
2187,MMM.csv
2188,MMM.csv
2189,MMM.csv
2190,MMM.csv
2191,MMM.csv
2192,MMM.csv
2193,MMM.csv
2194,MMM.csv
2195,MMM.csv
2196,MMM.csv
2197,MMM.csv
2198,MMM.csv
2199,MMM.csv
2200,MMM.csv
2201,MMM.csv
2202,MMM.csv
2203,MMM.csv
2204,MMM.csv
2205,MMM.csv
2206,MMM.csv
2207,MMM.csv
2208,MMM.csv
2209,MMM.csv
2210,MMM.csv
2211,MMM.csv
2212,MMM.csv
2213,MMM.csv
2214,MMM.csv
2215,MMM.csv
2216,MMM.csv
2217,MMM.csv
2218,MMM.csv
2219,MMM.csv
2220,MMM.csv
2221,MMM.csv
2222,MMM.csv
2223,MMM.csv
2224,MMM.csv
2225,MMM.csv
2226,MMM.csv
2227,MMM.csv
2228,MMM.csv
2229,MMM.csv
2230,MMM.csv
2231,MMM.csv
2232,MMM.csv
2233,MMM.csv
2234,MMM.csv
2235,MMM.csv
2236,MMM.csv
2237,MMM.csv
2238,MMM.csv
2239,MMM.csv
2240,MMM.csv
2241,MMM.csv
2242,MMM.csv
2243,MMM.csv
2244,MMM.csv
2245,MMM.csv
2246,MMM.csv
2247,MMM.csv
2248,MMM.csv
2249,MMM.csv
2250,MMM.csv
2251,MMM.csv
2252,MMM.csv
2253,MMM.csv
2254,MMM.csv
2255,MMM.csv
2256,MMM.csv
2257,MMM.csv
2258,MMM.csv
2259,MMM.csv
2260,MMM.csv
2261,MMM.csv
2262,MMM.csv
2263,MMM.csv
2264,MMM.csv
2265,MMM.csv
2266,MMM.csv
2267,MMM.csv
2268,MMM.csv
2269,MMM.csv
2270,MMM.csv
2271,MMM.csv
2272,MMM.csv
2273,MMM.csv
2274,MMM.csv
2275,MMM.csv
2276,MMM.csv
2277,MMM.csv
2278,MMM.csv
2279,MMM.csv
2280,MMM.csv
2281,MMM.csv
2282,MMM.csv
2283,MMM.csv
2284,MMM.csv
2285,MMM.csv
2286,MMM.csv
2287,MMM.csv
2288,MMM.csv
2289,MMM.csv
2290,MMM.csv
2291,MMM.csv
2292,MMM.csv
2293,MMM.csv
2294,MMM.csv
2295,MMM.csv
2296,MMM.csv
2297,MMM.csv
2298,MMM.csv
2299,MMM.csv
2300,MMM.csv
2301,MMM.csv
2302,MMM.csv
2303,MMM.csv
2304,MMM.csv
2305,MMM.csv
2306,MMM.csv
2307,MMM.csv
2308,MMM.csv
2309,MMM.csv
2310,MMM.csv
2311,MMM.csv
2312,MMM.csv
2313,MMM.csv
2314,MMM.csv
2315,MMM.csv
2316,MMM.csv
2317,MMM.csv
2318,MMM.csv
2319,MMM.csv
2320,MMM.csv
2321,MMM.csv
2322,MMM.csv
2323,MMM.csv
2324,MMM.csv
2325,MMM.csv
2326,MMM.csv
2327,MMM.csv
2328,MMM.csv
2329,MMM.csv
2330,MMM.csv
2331,MMM.csv
2332,MMM.csv
2333,MMM.csv
2334,MMM.csv
2335,MMM.csv
2336,MMM.csv
2337,MMM.csv
2338,MMM.csv
2339,MMM.csv
2340,MMM.csv
2341,MMM.csv
2342,MMM.csv
2343,MMM.csv
2344,MMM.csv
2345,MMM.csv
2346,MMM.csv
2347,MMM.csv
2348,MMM.csv
2349,MMM.csv
2350,MMM.csv
2351,MMM.csv
2352,MMM.csv
2353,MMM.csv
2354,MMM.csv
2355,MMM.csv
2356,MMM.csv
2357,MMM.csv
2358,MMM.csv
2359,MMM.csv
2360,MMM.csv
2361,MMM.csv
2362,MMM.csv
2363,MMM.csv
2364,MMM.csv
2365,MMM.csv
2366,MMM.csv
2367,MMM.csv
2368,MMM.csv
2369,MMM.csv
2370,MMM.csv
2371,MMM.csv
2372,MMM.csv
2373,MMM.csv
2374,MMM.csv
2375,MMM.csv
2376,MMM.csv
2377,MMM.csv
2378,MMM.csv
2379,MMM.csv
2380,MMM.csv
2381,MMM.csv
2382,MMM.csv
2383,MMM.csv
2384,MMM.csv
2385,MMM.csv
2386,MMM.csv
2387,MMM.csv
2388,MMM.csv
2389,MMM.csv
2390,MMM.csv
2391,MMM.csv
2392,MMM.csv
2393,MMM.csv
2394,MMM.csv
2395,MMM.csv
2396,MMM.csv
2397,MMM.csv
2398,MMM.csv
2399,MMM.csv
2400,MMM.csv
2401,MMM.csv
2402,MMM.csv
2403,MMM.csv
2404,MMM.csv
2405,MMM.csv
2406,MMM.csv
2407,MMM.csv
2408,MMM.csv
2409,MMM.csv
2410,MMM.csv
2411,KO.csv
2412,KO.csv
2413,KO.csv
2414,KO.csv
2415,KO.csv
2416,KO.csv
2417,KO.csv
2418,KO.csv
2419,KO.csv
2420,KO.csv
2421,KO.csv
2422,KO.csv
2423,KO.csv
2424,KO.csv
2425,KO.csv
2426,KO.csv
2427,KO.csv
2428,KO.csv
2429,KO.csv
2430,KO.csv
2431,KO.csv
2432,KO.csv
2433,KO.csv
2434,KO.csv
2435,KO.csv
2436,KO.csv
2437,KO.csv
2438,KO.csv
2439,KO.csv
2440,KO.csv
2441,KO.csv
2442,KO.csv
2443,KO.csv
2444,KO.csv
2445,KO.csv
2446,KO.csv
2447,KO.csv
2448,KO.csv
2449,KO.csv
2450,KO.csv
2451,KO.csv
2452,KO.csv
2453,KO.csv
2454,KO.csv
2455,KO.csv
2456,KO.csv
2457,KO.csv
2458,KO.csv
2459,KO.csv
2460,KO.csv
2461,KO.csv
2462,KO.csv
2463,KO.csv
2464,KO.csv
2465,KO.csv
2466,KO.csv
2467,KO.csv
2468,KO.csv
2469,KO.csv
2470,KO.csv
2471,KO.csv
2472,KO.csv
2473,KO.csv
2474,KO.csv
2475,KO.csv
2476,KO.csv
2477,KO.csv
2478,KO.csv
2479,KO.csv
2480,KO.csv
2481,KO.csv
2482,KO.csv
2483,KO.csv
2484,KO.csv
2485,KO.csv
2486,KO.csv
2487,KO.csv
2488,KO.csv
2489,KO.csv
2490,KO.csv
2491,KO.csv
2492,KO.csv
2493,KO.csv
2494,KO.csv
2495,KO.csv
2496,KO.csv
2497,KO.csv
2498,KO.csv
2499,KO.csv
2500,KO.csv
2501,KO.csv
2502,KO.csv
2503,KO.csv
2504,KO.csv
2505,KO.csv
2506,KO.csv
2507,KO.csv
2508,KO.csv
2509,KO.csv
2510,KO.csv
2511,KO.csv
2512,KO.csv
2513,KO.csv
2514,KO.csv
2515,KO.csv
2516,KO.csv
2517,KO.csv
2518,KO.csv
2519,KO.csv
2520,KO.csv
2521,KO.csv
2522,KO.csv
2523,KO.csv
2524,KO.csv
2525,KO.csv
2526,KO.csv
2527,KO.csv
2528,KO.csv
2529,KO.csv
2530,KO.csv
2531,KO.csv
2532,KO.csv
2533,KO.csv
2534,KO.csv
2535,KO.csv
2536,KO.csv
2537,KO.csv
2538,KO.csv
2539,KO.csv
2540,KO.csv
2541,KO.csv
2542,KO.csv
2543,KO.csv
2544,KO.csv
2545,KO.csv
2546,KO.csv
2547,KO.csv
2548,KO.csv
2549,KO.csv
2550,KO.csv
2551,KO.csv
2552,KO.csv
2553,KO.csv
2554,KO.csv
2555,KO.csv
2556,KO.csv
2557,KO.csv
2558,KO.csv
2559,KO.csv
2560,KO.csv
2561,KO.csv
2562,KO.csv
2563,KO.csv
2564,KO.csv
2565,KO.csv
2566,KO.csv
2567,KO.csv
2568,KO.csv
2569,KO.csv
2570,KO.csv
2571,KO.csv
2572,KO.csv
2573,KO.csv
2574,KO.csv
2575,KO.csv
2576,KO.csv
2577,KO.csv
2578,KO.csv
2579,KO.csv
2580,KO.csv
2581,KO.csv
2582,KO.csv
2583,KO.csv
2584,KO.csv
2585,KO.csv
2586,KO.csv
2587,KO.csv
2588,KO.csv
2589,KO.csv
2590,KO.csv
2591,KO.csv
2592,KO.csv
2593,KO.csv
2594,KO.csv
2595,KO.csv
2596,KO.csv
2597,KO.csv
2598,KO.csv
2599,KO.csv
2600,KO.csv
2601,KO.csv
2602,KO.csv
2603,KO.csv
2604,KO.csv
2605,KO.csv
2606,KO.csv
2607,KO.csv
2608,KO.csv
2609,KO.csv
2610,KO.csv
2611,KO.csv
2612,KO.csv
2613,KO.csv
2614,KO.csv
2615,KO.csv
2616,KO.csv
2617,KO.csv
2618,KO.csv
2619,KO.csv
2620,KO.csv
2621,KO.csv
2622,KO.csv
2623,KO.csv
2624,KO.csv
2625,KO.csv
2626,KO.csv
2627,KO.csv
2628,KO.csv
2629,KO.csv
2630,KO.csv
2631,KO.csv
2632,KO.csv
2633,KO.csv
2634,KO.csv
2635,KO.csv
2636,KO.csv
2637,KO.csv
2638,KO.csv
2639,KO.csv
2640,KO.csv
2641,KO.csv
2642,KO.csv
2643,KO.csv
2644,KO.csv
2645,KO.csv
2646,KO.csv
2647,KO.csv
2648,KO.csv
2649,KO.csv
2650,KO.csv
2651,KO.csv
2652,KO.csv
2653,KO.csv
2654,KO.csv
2655,KO.csv
2656,KO.csv
2657,KO.csv
2658,KO.csv
2659,KO.csv
2660,KO.csv
2661,KO.csv
2662,KO.csv
2663,KO.csv
2664,KO.csv
2665,KO.csv
2666,KO.csv
2667,KO.csv
2668,KO.csv
2669,MSFT.csv
2670,MSFT.csv
2671,MSFT.csv
2672,MSFT.csv
2673,MSFT.csv
2674,MSFT.csv
2675,MSFT.csv
2676,MSFT.csv
2677,MSFT.csv
2678,MSFT.csv
2679,MSFT.csv
2680,MSFT.csv
2681,MSFT.csv
2682,MSFT.csv
2683,MSFT.csv
2684,MSFT.csv
2685,MSFT.csv
2686,MSFT.csv
2687,MSFT.csv
2688,MSFT.csv
2689,MSFT.csv
2690,MSFT.csv
2691,MSFT.csv
2692,MSFT.csv
2693,MSFT.csv
2694,MSFT.csv
2695,MSFT.csv
2696,MSFT.csv
2697,MSFT.csv
2698,MSFT.csv
2699,MSFT.csv
2700,MSFT.csv
2701,MSFT.csv
2702,MSFT.csv
2703,MSFT.csv
2704,MSFT.csv
2705,MSFT.csv
2706,MSFT.csv
2707,MSFT.csv
2708,MSFT.csv
2709,MSFT.csv
2710,MSFT.csv
2711,MSFT.csv
2712,MSFT.csv
2713,MSFT.csv
2714,MSFT.csv
2715,MSFT.csv
2716,MSFT.csv
2717,MSFT.csv
2718,MSFT.csv
2719,MSFT.csv
2720,MSFT.csv
2721,MSFT.csv
2722,MSFT.csv
2723,MSFT.csv
2724,MSFT.csv
2725,MSFT.csv
2726,MSFT.csv
2727,MSFT.csv
2728,MSFT.csv
2729,MSFT.csv
2730,MSFT.csv
2731,MSFT.csv
2732,MSFT.csv
2733,MSFT.csv
2734,MSFT.csv
2735,MSFT.csv
2736,MSFT.csv
2737,MSFT.csv
2738,MSFT.csv
2739,MSFT.csv
2740,MSFT.csv
2741,MSFT.csv
2742,MSFT.csv
2743,MSFT.csv
2744,MSFT.csv
2745,MSFT.csv
2746,MSFT.csv
2747,MSFT.csv
2748,MSFT.csv
2749,MSFT.csv
2750,MSFT.csv
2751,MSFT.csv
2752,MSFT.csv
2753,MSFT.csv
2754,MSFT.csv
2755,MSFT.csv
2756,MSFT.csv
2757,MSFT.csv
2758,MSFT.csv
2759,MSFT.csv
2760,MSFT.csv
2761,MSFT.csv
2762,MSFT.csv
2763,MSFT.csv
2764,MSFT.csv
2765,MSFT.csv
2766,MSFT.csv
2767,MSFT.csv
2768,MSFT.csv
2769,MSFT.csv
2770,MSFT.csv
2771,MSFT.csv
2772,MSFT.csv
2773,MSFT.csv
2774,MSFT.csv
2775,MSFT.csv
2776,MSFT.csv
2777,MSFT.csv
2778,MSFT.csv
2779,MSFT.csv
2780,MSFT.csv
2781,MSFT.csv
2782,MSFT.csv
2783,MSFT.csv
2784,MSFT.csv
2785,MSFT.csv
2786,MSFT.csv
2787,MSFT.csv
2788,MSFT.csv
2789,MSFT.csv
2790,MSFT.csv
2791,MSFT.csv
2792,MSFT.csv
2793,MSFT.csv
2794,MSFT.csv
2795,MSFT.csv
2796,MSFT.csv
2797,MSFT.csv
2798,MSFT.csv
2799,MSFT.csv
2800,MSFT.csv
2801,MSFT.csv
2802,MSFT.csv
2803,MSFT.csv
2804,MSFT.csv
2805,MSFT.csv
2806,MSFT.csv
2807,MSFT.csv
2808,MSFT.csv
2809,MSFT.csv
2810,MSFT.csv
2811,MSFT.csv
2812,MSFT.csv
2813,MSFT.csv
2814,MSFT.csv
2815,MSFT.csv
2816,MSFT.csv
2817,MSFT.csv
2818,MSFT.csv
2819,MSFT.csv
2820,MSFT.csv
2821,MSFT.csv
2822,MSFT.csv
2823,MSFT.csv
2824,MSFT.csv
2825,MSFT.csv
2826,MSFT.csv
2827,MSFT.csv
2828,MSFT.csv
2829,MSFT.csv
2830,MSFT.csv
2831,MSFT.csv
2832,MSFT.csv
2833,MSFT.csv
2834,MSFT.csv
2835,MSFT.csv
2836,MSFT.csv
2837,MSFT.csv
2838,MSFT.csv
2839,MSFT.csv
2840,MSFT.csv
2841,MSFT.csv
2842,MSFT.csv
2843,MSFT.csv
2844,MSFT.csv
2845,MSFT.csv
2846,MSFT.csv
2847,MSFT.csv
2848,MSFT.csv
2849,MSFT.csv
2850,MSFT.csv
2851,MSFT.csv
2852,MSFT.csv
2853,MSFT.csv
2854,MSFT.csv
2855,MSFT.csv
2856,MSFT.csv
2857,MSFT.csv
2858,MSFT.csv
2859,MSFT.csv
2860,MSFT.csv
2861,MSFT.csv
2862,MSFT.csv
2863,MSFT.csv
2864,MSFT.csv
2865,MSFT.csv
2866,MSFT.csv
2867,MSFT.csv
2868,MSFT.csv
2869,MSFT.csv
2870,MSFT.csv
2871,MSFT.csv
2872,MSFT.csv
2873,MSFT.csv
2874,MSFT.csv
2875,MSFT.csv
2876,MSFT.csv
2877,MSFT.csv
2878,MSFT.csv
2879,MSFT.csv
2880,MSFT.csv
2881,MSFT.csv
2882,MSFT.csv
2883,MSFT.csv
2884,MSFT.csv
2885,MSFT.csv
2886,MSFT.csv
2887,MSFT.csv
2888,MSFT.csv
2889,MSFT.csv
2890,MSFT.csv
2891,MSFT.csv
2892,MSFT.csv
2893,MSFT.csv
2894,MSFT.csv
2895,MSFT.csv
2896,MSFT.csv
2897,MSFT.csv
2898,MSFT.csv
2899,MSFT.csv
2900,MSFT.csv
2901,MSFT.csv
2902,MSFT.csv
2903,MSFT.csv
2904,MSFT.csv
2905,MSFT.csv
2906,MSFT.csv
2907,MSFT.csv
2908,MSFT.csv
2909,MSFT.csv
2910,MSFT.csv
2911,MSFT.csv
2912,MSFT.csv
2913,MSFT.csv
2914,MSFT.csv
2915,MSFT.csv
2916,MSFT.csv
2917,MSFT.csv
2918,MSFT.csv
2919,MSFT.csv
2920,MSFT.csv
2921,MSFT.csv
2922,MSFT.csv
2923,MSFT.csv
2924,MSFT.csv
2925,MSFT.csv
2926,MSFT.csv
2927,HD.csv
2928,HD.csv
2929,HD.csv
2930,HD.csv
2931,HD.csv
2932,HD.csv
2933,HD.csv
2934,HD.csv
2935,HD.csv
2936,HD.csv
2937,HD.csv
2938,HD.csv
2939,HD.csv
2940,HD.csv
2941,HD.csv
2942,HD.csv
2943,HD.csv
2944,HD.csv
2945,HD.csv
2946,HD.csv
2947,HD.csv
2948,HD.csv
2949,HD.csv
2950,HD.csv
2951,HD.csv
2952,HD.csv
2953,HD.csv
2954,HD.csv
2955,HD.csv
2956,HD.csv
2957,HD.csv
2958,HD.csv
2959,HD.csv
2960,HD.csv
2961,HD.csv
2962,HD.csv
2963,HD.csv
2964,HD.csv
2965,HD.csv
2966,HD.csv
2967,HD.csv
2968,HD.csv
2969,HD.csv
2970,HD.csv
2971,HD.csv
2972,HD.csv
2973,HD.csv
2974,HD.csv
2975,HD.csv
2976,HD.csv
2977,HD.csv
2978,HD.csv
2979,HD.csv
2980,HD.csv
2981,HD.csv
2982,HD.csv
2983,HD.csv
2984,HD.csv
2985,HD.csv
2986,HD.csv
2987,HD.csv
2988,HD.csv
2989,HD.csv
2990,HD.csv
2991,HD.csv
2992,HD.csv
2993,HD.csv
2994,HD.csv
2995,HD.csv
2996,HD.csv
2997,HD.csv
2998,HD.csv
2999,HD.csv
3000,HD.csv
3001,HD.csv
3002,HD.csv
3003,HD.csv
3004,HD.csv
3005,HD.csv
3006,HD.csv
3007,HD.csv
3008,HD.csv
3009,HD.csv
3010,HD.csv
3011,HD.csv
3012,HD.csv
3013,HD.csv
3014,HD.csv
3015,HD.csv
3016,HD.csv
3017,HD.csv
3018,HD.csv
3019,HD.csv
3020,HD.csv
3021,HD.csv
3022,HD.csv
3023,HD.csv
3024,HD.csv
3025,HD.csv
3026,HD.csv
3027,HD.csv
3028,HD.csv
3029,HD.csv
3030,HD.csv
3031,HD.csv
3032,HD.csv
3033,HD.csv
3034,HD.csv
3035,HD.csv
3036,HD.csv
3037,HD.csv
3038,HD.csv
3039,HD.csv
3040,HD.csv
3041,HD.csv
3042,HD.csv
3043,HD.csv
3044,HD.csv
3045,HD.csv
3046,HD.csv
3047,HD.csv
3048,HD.csv
3049,HD.csv
3050,HD.csv
3051,HD.csv
3052,HD.csv
3053,HD.csv
3054,HD.csv
3055,HD.csv
3056,HD.csv
3057,HD.csv
3058,HD.csv
3059,HD.csv
3060,HD.csv
3061,HD.csv
3062,HD.csv
3063,HD.csv
3064,HD.csv
3065,HD.csv
3066,HD.csv
3067,HD.csv
3068,HD.csv
3069,HD.csv
3070,HD.csv
3071,HD.csv
3072,HD.csv
3073,HD.csv
3074,HD.csv
3075,HD.csv
3076,HD.csv
3077,HD.csv
3078,HD.csv
3079,HD.csv
3080,HD.csv
3081,HD.csv
3082,HD.csv
3083,HD.csv
3084,HD.csv
3085,HD.csv
3086,HD.csv
3087,HD.csv
3088,HD.csv
3089,HD.csv
3090,HD.csv
3091,HD.csv
3092,HD.csv
3093,HD.csv
3094,HD.csv
3095,HD.csv
3096,HD.csv
3097,HD.csv
3098,HD.csv
3099,HD.csv
3100,HD.csv
3101,HD.csv
3102,HD.csv
3103,HD.csv
3104,HD.csv
3105,HD.csv
3106,HD.csv
3107,HD.csv
3108,HD.csv
3109,HD.csv
3110,HD.csv
3111,HD.csv
3112,HD.csv
3113,HD.csv
3114,HD.csv
3115,HD.csv
3116,HD.csv
3117,HD.csv
3118,HD.csv
3119,HD.csv
3120,HD.csv
3121,HD.csv
3122,HD.csv
3123,HD.csv
3124,HD.csv
3125,HD.csv
3126,HD.csv
3127,HD.csv
3128,HD.csv
3129,HD.csv
3130,HD.csv
3131,HD.csv
3132,HD.csv
3133,HD.csv
3134,HD.csv
3135,HD.csv
3136,HD.csv
3137,HD.csv
3138,HD.csv
3139,HD.csv
3140,HD.csv
3141,HD.csv
3142,HD.csv
3143,HD.csv
3144,HD.csv
3145,HD.csv
3146,HD.csv
3147,HD.csv
3148,HD.csv
3149,HD.csv
3150,HD.csv
3151,HD.csv
3152,HD.csv
3153,HD.csv
3154,HD.csv
3155,HD.csv
3156,HD.csv
3157,HD.csv
3158,HD.csv
3159,HD.csv
3160,HD.csv
3161,HD.csv
3162,HD.csv
3163,HD.csv
3164,HD.csv
3165,HD.csv
3166,HD.csv
3167,HD.csv
3168,HD.csv
3169,HD.csv
3170,HD.csv
3171,HD.csv
3172,HD.csv
3173,HD.csv
3174,HD.csv
3175,HD.csv
3176,HD.csv
3177,HD.csv
3178,HD.csv
3179,HD.csv
3180,HD.csv
3181,HD.csv
3182,HD.csv
3183,HD.csv
3184,HD.csv
3185,AXP.csv
3186,AXP.csv
3187,AXP.csv
3188,AXP.csv
3189,AXP.csv
3190,AXP.csv
3191,AXP.csv
3192,AXP.csv
3193,AXP.csv
3194,AXP.csv
3195,AXP.csv
3196,AXP.csv
3197,AXP.csv
3198,AXP.csv
3199,AXP.csv
3200,AXP.csv
3201,AXP.csv
3202,AXP.csv
3203,AXP.csv
3204,AXP.csv
3205,AXP.csv
3206,AXP.csv
3207,AXP.csv
3208,AXP.csv
3209,AXP.csv
3210,AXP.csv
3211,AXP.csv
3212,AXP.csv
3213,AXP.csv
3214,AXP.csv
3215,AXP.csv
3216,AXP.csv
3217,AXP.csv
3218,AXP.csv
3219,AXP.csv
3220,AXP.csv
3221,AXP.csv
3222,AXP.csv
3223,AXP.csv
3224,AXP.csv
3225,AXP.csv
3226,AXP.csv
3227,AXP.csv
3228,AXP.csv
3229,AXP.csv
3230,AXP.csv
3231,AXP.csv
3232,AXP.csv
3233,AXP.csv
3234,AXP.csv
3235,AXP.csv
3236,AXP.csv
3237,AXP.csv
3238,AXP.csv
3239,AXP.csv
3240,AXP.csv
3241,AXP.csv
3242,AXP.csv
3243,AXP.csv
3244,AXP.csv
3245,AXP.csv
3246,AXP.csv
3247,AXP.csv
3248,AXP.csv
3249,AXP.csv
3250,AXP.csv
3251,AXP.csv
3252,AXP.csv
3253,AXP.csv
3254,AXP.csv
3255,AXP.csv
3256,AXP.csv
3257,AXP.csv
3258,AXP.csv
3259,AXP.csv
3260,AXP.csv
3261,AXP.csv
3262,AXP.csv
3263,AXP.csv
3264,AXP.csv
3265,AXP.csv
3266,AXP.csv
3267,AXP.csv
3268,AXP.csv
3269,AXP.csv
3270,AXP.csv
3271,AXP.csv
3272,AXP.csv
3273,AXP.csv
3274,AXP.csv
3275,AXP.csv
3276,AXP.csv
3277,AXP.csv
3278,AXP.csv
3279,AXP.csv
3280,AXP.csv
3281,AXP.csv
3282,AXP.csv
3283,AXP.csv
3284,AXP.csv
3285,AXP.csv
3286,AXP.csv
3287,AXP.csv
3288,AXP.csv
3289,AXP.csv
3290,AXP.csv
3291,AXP.csv
3292,AXP.csv
3293,AXP.csv
3294,AXP.csv
3295,AXP.csv
3296,AXP.csv
3297,AXP.csv
3298,AXP.csv
3299,AXP.csv
3300,AXP.csv
3301,AXP.csv
3302,AXP.csv
3303,AXP.csv
3304,AXP.csv
3305,AXP.csv
3306,AXP.csv
3307,AXP.csv
3308,AXP.csv
3309,AXP.csv
3310,AXP.csv
3311,AXP.csv
3312,AXP.csv
3313,AXP.csv
3314,AXP.csv
3315,AXP.csv
3316,AXP.csv
3317,AXP.csv
3318,AXP.csv
3319,AXP.csv
3320,AXP.csv
3321,AXP.csv
3322,AXP.csv
3323,AXP.csv
3324,AXP.csv
3325,AXP.csv
3326,AXP.csv
3327,AXP.csv
3328,AXP.csv
3329,AXP.csv
3330,AXP.csv
3331,AXP.csv
3332,AXP.csv
3333,AXP.csv
3334,AXP.csv
3335,AXP.csv
3336,AXP.csv
3337,AXP.csv
3338,AXP.csv
3339,AXP.csv
3340,AXP.csv
3341,AXP.csv
3342,AXP.csv
3343,AXP.csv
3344,AXP.csv
3345,AXP.csv
3346,AXP.csv
3347,AXP.csv
3348,AXP.csv
3349,AXP.csv
3350,AXP.csv
3351,AXP.csv
3352,AXP.csv
3353,AXP.csv
3354,AXP.csv
3355,AXP.csv
3356,AXP.csv
3357,AXP.csv
3358,AXP.csv
3359,AXP.csv
3360,AXP.csv
3361,AXP.csv
3362,AXP.csv
3363,AXP.csv
3364,AXP.csv
3365,AXP.csv
3366,AXP.csv
3367,AXP.csv
3368,AXP.csv
3369,AXP.csv
3370,AXP.csv
3371,AXP.csv
3372,AXP.csv
3373,AXP.csv
3374,AXP.csv
3375,AXP.csv
3376,AXP.csv
3377,AXP.csv
3378,AXP.csv
3379,AXP.csv
3380,AXP.csv
3381,AXP.csv
3382,AXP.csv
3383,AXP.csv
3384,AXP.csv
3385,AXP.csv
3386,AXP.csv
3387,AXP.csv
3388,AXP.csv
3389,AXP.csv
3390,AXP.csv
3391,AXP.csv
3392,AXP.csv
3393,AXP.csv
3394,AXP.csv
3395,AXP.csv
3396,AXP.csv
3397,AXP.csv
3398,AXP.csv
3399,AXP.csv
3400,AXP.csv
3401,AXP.csv
3402,AXP.csv
3403,AXP.csv
3404,AXP.csv
3405,AXP.csv
3406,AXP.csv
3407,AXP.csv
3408,AXP.csv
3409,AXP.csv
3410,AXP.csv
3411,AXP.csv
3412,AXP.csv
3413,AXP.csv
3414,AXP.csv
3415,AXP.csv
3416,AXP.csv
3417,AXP.csv
3418,AXP.csv
3419,AXP.csv
3420,AXP.csv
3421,AXP.csv
3422,AXP.csv
3423,AXP.csv
3424,AXP.csv
3425,AXP.csv
3426,AXP.csv
3427,AXP.csv
3428,AXP.csv
3429,AXP.csv
3430,AXP.csv
3431,AXP.csv
3432,AXP.csv
3433,AXP.csv
3434,AXP.csv
3435,AXP.csv
3436,AXP.csv
3437,AXP.csv
3438,AXP.csv
3439,AXP.csv
3440,AXP.csv
3441,AXP.csv
3442,AXP.csv
3443,CVX.csv
3444,CVX.csv
3445,CVX.csv
3446,CVX.csv
3447,CVX.csv
3448,CVX.csv
3449,CVX.csv
3450,CVX.csv
3451,CVX.csv
3452,CVX.csv
3453,CVX.csv
3454,CVX.csv
3455,CVX.csv
3456,CVX.csv
3457,CVX.csv
3458,CVX.csv
3459,CVX.csv
3460,CVX.csv
3461,CVX.csv
3462,CVX.csv
3463,CVX.csv
3464,CVX.csv
3465,CVX.csv
3466,CVX.csv
3467,CVX.csv
3468,CVX.csv
3469,CVX.csv
3470,CVX.csv
3471,CVX.csv
3472,CVX.csv
3473,CVX.csv
3474,CVX.csv
3475,CVX.csv
3476,CVX.csv
3477,CVX.csv
3478,CVX.csv
3479,CVX.csv
3480,CVX.csv
3481,CVX.csv
3482,CVX.csv
3483,CVX.csv
3484,CVX.csv
3485,CVX.csv
3486,CVX.csv
3487,CVX.csv
3488,CVX.csv
3489,CVX.csv
3490,CVX.csv
3491,CVX.csv
3492,CVX.csv
3493,CVX.csv
3494,CVX.csv
3495,CVX.csv
3496,CVX.csv
3497,CVX.csv
3498,CVX.csv
3499,CVX.csv
3500,CVX.csv
3501,CVX.csv
3502,CVX.csv
3503,CVX.csv
3504,CVX.csv
3505,CVX.csv
3506,CVX.csv
3507,CVX.csv
3508,CVX.csv
3509,CVX.csv
3510,CVX.csv
3511,CVX.csv
3512,CVX.csv
3513,CVX.csv
3514,CVX.csv
3515,CVX.csv
3516,CVX.csv
3517,CVX.csv
3518,CVX.csv
3519,CVX.csv
3520,CVX.csv
3521,CVX.csv
3522,CVX.csv
3523,CVX.csv
3524,CVX.csv
3525,CVX.csv
3526,CVX.csv
3527,CVX.csv
3528,CVX.csv
3529,CVX.csv
3530,CVX.csv
3531,CVX.csv
3532,CVX.csv
3533,CVX.csv
3534,CVX.csv
3535,CVX.csv
3536,CVX.csv
3537,CVX.csv
3538,CVX.csv
3539,CVX.csv
3540,CVX.csv
3541,CVX.csv
3542,CVX.csv
3543,CVX.csv
3544,CVX.csv
3545,CVX.csv
3546,CVX.csv
3547,CVX.csv
3548,CVX.csv
3549,CVX.csv
3550,CVX.csv
3551,CVX.csv
3552,CVX.csv
3553,CVX.csv
3554,CVX.csv
3555,CVX.csv
3556,CVX.csv
3557,CVX.csv
3558,CVX.csv
3559,CVX.csv
3560,CVX.csv
3561,CVX.csv
3562,CVX.csv
3563,CVX.csv
3564,CVX.csv
3565,CVX.csv
3566,CVX.csv
3567,CVX.csv
3568,CVX.csv
3569,CVX.csv
3570,CVX.csv
3571,CVX.csv
3572,CVX.csv
3573,CVX.csv
3574,CVX.csv
3575,CVX.csv
3576,CVX.csv
3577,CVX.csv
3578,CVX.csv
3579,CVX.csv
3580,CVX.csv
3581,CVX.csv
3582,CVX.csv
3583,CVX.csv
3584,CVX.csv
3585,CVX.csv
3586,CVX.csv
3587,CVX.csv
3588,CVX.csv
3589,CVX.csv
3590,CVX.csv
3591,CVX.csv
3592,CVX.csv
3593,CVX.csv
3594,CVX.csv
3595,CVX.csv
3596,CVX.csv
3597,CVX.csv
3598,CVX.csv
3599,CVX.csv
3600,CVX.csv
3601,CVX.csv
3602,CVX.csv
3603,CVX.csv
3604,CVX.csv
3605,CVX.csv
3606,CVX.csv
3607,CVX.csv
3608,CVX.csv
3609,CVX.csv
3610,CVX.csv
3611,CVX.csv
3612,CVX.csv
3613,CVX.csv
3614,CVX.csv
3615,CVX.csv
3616,CVX.csv
3617,CVX.csv
3618,CVX.csv
3619,CVX.csv
3620,CVX.csv
3621,CVX.csv
3622,CVX.csv
3623,CVX.csv
3624,CVX.csv
3625,CVX.csv
3626,CVX.csv
3627,CVX.csv
3628,CVX.csv
3629,CVX.csv
3630,CVX.csv
3631,CVX.csv
3632,CVX.csv
3633,CVX.csv
3634,CVX.csv
3635,CVX.csv
3636,CVX.csv
3637,CVX.csv
3638,CVX.csv
3639,CVX.csv
3640,CVX.csv
3641,CVX.csv
3642,CVX.csv
3643,CVX.csv
3644,CVX.csv
3645,CVX.csv
3646,CVX.csv
3647,CVX.csv
3648,CVX.csv
3649,CVX.csv
3650,CVX.csv
3651,CVX.csv
3652,CVX.csv
3653,CVX.csv
3654,CVX.csv
3655,CVX.csv
3656,CVX.csv
3657,CVX.csv
3658,CVX.csv
3659,CVX.csv
3660,CVX.csv
3661,CVX.csv
3662,CVX.csv
3663,CVX.csv
3664,CVX.csv
3665,CVX.csv
3666,CVX.csv
3667,CVX.csv
3668,CVX.csv
3669,CVX.csv
3670,CVX.csv
3671,CVX.csv
3672,CVX.csv
3673,CVX.csv
3674,CVX.csv
3675,CVX.csv
3676,CVX.csv
3677,CVX.csv
3678,CVX.csv
3679,CVX.csv
3680,CVX.csv
3681,CVX.csv
3682,CVX.csv
3683,CVX.csv
3684,CVX.csv
3685,CVX.csv
3686,CVX.csv
3687,CVX.csv
3688,CVX.csv
3689,CVX.csv
3690,CVX.csv
3691,CVX.csv
3692,CVX.csv
3693,CVX.csv
3694,CVX.csv
3695,CVX.csv
3696,CVX.csv
3697,CVX.csv
3698,CVX.csv
3699,CVX.csv
3700,CVX.csv
3701,NKE.csv
3702,NKE.csv
3703,NKE.csv
3704,NKE.csv
3705,NKE.csv
3706,NKE.csv
3707,NKE.csv
3708,NKE.csv
3709,NKE.csv
3710,NKE.csv
3711,NKE.csv
3712,NKE.csv
3713,NKE.csv
3714,NKE.csv
3715,NKE.csv
3716,NKE.csv
3717,NKE.csv
3718,NKE.csv
3719,NKE.csv
3720,NKE.csv
3721,NKE.csv
3722,NKE.csv
3723,NKE.csv
3724,NKE.csv
3725,NKE.csv
3726,NKE.csv
3727,NKE.csv
3728,NKE.csv
3729,NKE.csv
3730,NKE.csv
3731,NKE.csv
3732,NKE.csv
3733,NKE.csv
3734,NKE.csv
3735,NKE.csv
3736,NKE.csv
3737,NKE.csv
3738,NKE.csv
3739,NKE.csv
3740,NKE.csv
3741,NKE.csv
3742,NKE.csv
3743,NKE.csv
3744,NKE.csv
3745,NKE.csv
3746,NKE.csv
3747,NKE.csv
3748,NKE.csv
3749,NKE.csv
3750,NKE.csv
3751,NKE.csv
3752,NKE.csv
3753,NKE.csv
3754,NKE.csv
3755,NKE.csv
3756,NKE.csv
3757,NKE.csv
3758,NKE.csv
3759,NKE.csv
3760,NKE.csv
3761,NKE.csv
3762,NKE.csv
3763,NKE.csv
3764,NKE.csv
3765,NKE.csv
3766,NKE.csv
3767,NKE.csv
3768,NKE.csv
3769,NKE.csv
3770,NKE.csv
3771,NKE.csv
3772,NKE.csv
3773,NKE.csv
3774,NKE.csv
3775,NKE.csv
3776,NKE.csv
3777,NKE.csv
3778,NKE.csv
3779,NKE.csv
3780,NKE.csv
3781,NKE.csv
3782,NKE.csv
3783,NKE.csv
3784,NKE.csv
3785,NKE.csv
3786,NKE.csv
3787,NKE.csv
3788,NKE.csv
3789,NKE.csv
3790,NKE.csv
3791,NKE.csv
3792,NKE.csv
3793,NKE.csv
3794,NKE.csv
3795,NKE.csv
3796,NKE.csv
3797,NKE.csv
3798,NKE.csv
3799,NKE.csv
3800,NKE.csv
3801,NKE.csv
3802,NKE.csv
3803,NKE.csv
3804,NKE.csv
3805,NKE.csv
3806,NKE.csv
3807,NKE.csv
3808,NKE.csv
3809,NKE.csv
3810,NKE.csv
3811,NKE.csv
3812,NKE.csv
3813,NKE.csv
3814,NKE.csv
3815,NKE.csv
3816,NKE.csv
3817,NKE.csv
3818,NKE.csv
3819,NKE.csv
3820,NKE.csv
3821,NKE.csv
3822,NKE.csv
3823,NKE.csv
3824,NKE.csv
3825,NKE.csv
3826,NKE.csv
3827,NKE.csv
3828,NKE.csv
3829,NKE.csv
3830,NKE.csv
3831,NKE.csv
3832,NKE.csv
3833,NKE.csv
3834,NKE.csv
3835,NKE.csv
3836,NKE.csv
3837,NKE.csv
3838,NKE.csv
3839,NKE.csv
3840,NKE.csv
3841,NKE.csv
3842,NKE.csv
3843,NKE.csv
3844,NKE.csv
3845,NKE.csv
3846,NKE.csv
3847,NKE.csv
3848,NKE.csv
3849,NKE.csv
3850,NKE.csv
3851,NKE.csv
3852,NKE.csv
3853,NKE.csv
3854,NKE.csv
3855,NKE.csv
3856,NKE.csv
3857,NKE.csv
3858,NKE.csv
3859,NKE.csv
3860,NKE.csv
3861,NKE.csv
3862,NKE.csv
3863,NKE.csv
3864,NKE.csv
3865,NKE.csv
3866,NKE.csv
3867,NKE.csv
3868,NKE.csv
3869,NKE.csv
3870,NKE.csv
3871,NKE.csv
3872,NKE.csv
3873,NKE.csv
3874,NKE.csv
3875,NKE.csv
3876,NKE.csv
3877,NKE.csv
3878,NKE.csv
3879,NKE.csv
3880,NKE.csv
3881,NKE.csv
3882,NKE.csv
3883,NKE.csv
3884,NKE.csv
3885,NKE.csv
3886,NKE.csv
3887,NKE.csv
3888,NKE.csv
3889,NKE.csv
3890,NKE.csv
3891,NKE.csv
3892,NKE.csv
3893,NKE.csv
3894,NKE.csv
3895,NKE.csv
3896,NKE.csv
3897,NKE.csv
3898,NKE.csv
3899,NKE.csv
3900,NKE.csv
3901,NKE.csv
3902,NKE.csv
3903,NKE.csv
3904,NKE.csv
3905,NKE.csv
3906,NKE.csv
3907,NKE.csv
3908,NKE.csv
3909,NKE.csv
3910,NKE.csv
3911,NKE.csv
3912,NKE.csv
3913,NKE.csv
3914,NKE.csv
3915,NKE.csv
3916,NKE.csv
3917,NKE.csv
3918,NKE.csv
3919,NKE.csv
3920,NKE.csv
3921,NKE.csv
3922,NKE.csv
3923,NKE.csv
3924,NKE.csv
3925,NKE.csv
3926,NKE.csv
3927,NKE.csv
3928,NKE.csv
3929,NKE.csv
3930,NKE.csv
3931,NKE.csv
3932,NKE.csv
3933,NKE.csv
3934,NKE.csv
3935,NKE.csv
3936,NKE.csv
3937,NKE.csv
3938,NKE.csv
3939,NKE.csv
3940,NKE.csv
3941,NKE.csv
3942,NKE.csv
3943,NKE.csv
3944,NKE.csv
3945,NKE.csv
3946,NKE.csv
3947,NKE.csv
3948,NKE.csv
3949,NKE.csv
3950,NKE.csv
3951,NKE.csv
3952,NKE.csv
3953,NKE.csv
3954,NKE.csv
3955,NKE.csv
3956,NKE.csv
3957,NKE.csv
3958,NKE.csv
3959,IBM.csv
3960,IBM.csv
3961,IBM.csv
3962,IBM.csv
3963,IBM.csv
3964,IBM.csv
3965,IBM.csv
3966,IBM.csv
3967,IBM.csv
3968,IBM.csv
3969,IBM.csv
3970,IBM.csv
3971,IBM.csv
3972,IBM.csv
3973,IBM.csv
3974,IBM.csv
3975,IBM.csv
3976,IBM.csv
3977,IBM.csv
3978,IBM.csv
3979,IBM.csv
3980,IBM.csv
3981,IBM.csv
3982,IBM.csv
3983,IBM.csv
3984,IBM.csv
3985,IBM.csv
3986,IBM.csv
3987,IBM.csv
3988,IBM.csv
3989,IBM.csv
3990,IBM.csv
3991,IBM.csv
3992,IBM.csv
3993,IBM.csv
3994,IBM.csv
3995,IBM.csv
3996,IBM.csv
3997,IBM.csv
3998,IBM.csv
3999,IBM.csv
4000,IBM.csv
4001,IBM.csv
4002,IBM.csv
4003,IBM.csv
4004,IBM.csv
4005,IBM.csv
4006,IBM.csv
4007,IBM.csv
4008,IBM.csv
4009,IBM.csv
4010,IBM.csv
4011,IBM.csv
4012,IBM.csv
4013,IBM.csv
4014,IBM.csv
4015,IBM.csv
4016,IBM.csv
4017,IBM.csv
4018,IBM.csv
4019,IBM.csv
4020,IBM.csv
4021,IBM.csv
4022,IBM.csv
4023,IBM.csv
4024,IBM.csv
4025,IBM.csv
4026,IBM.csv
4027,IBM.csv
4028,IBM.csv
4029,IBM.csv
4030,IBM.csv
4031,IBM.csv
4032,IBM.csv
4033,IBM.csv
4034,IBM.csv
4035,IBM.csv
4036,IBM.csv
4037,IBM.csv
4038,IBM.csv
4039,IBM.csv
4040,IBM.csv
4041,IBM.csv
4042,IBM.csv
4043,IBM.csv
4044,IBM.csv
4045,IBM.csv
4046,IBM.csv
4047,IBM.csv
4048,IBM.csv
4049,IBM.csv
4050,IBM.csv
4051,IBM.csv
4052,IBM.csv
4053,IBM.csv
4054,IBM.csv
4055,IBM.csv
4056,IBM.csv
4057,IBM.csv
4058,IBM.csv
4059,IBM.csv
4060,IBM.csv
4061,IBM.csv
4062,IBM.csv
4063,IBM.csv
4064,IBM.csv
4065,IBM.csv
4066,IBM.csv
4067,IBM.csv
4068,IBM.csv
4069,IBM.csv
4070,IBM.csv
4071,IBM.csv
4072,IBM.csv
4073,IBM.csv
4074,IBM.csv
4075,IBM.csv
4076,IBM.csv
4077,IBM.csv
4078,IBM.csv
4079,IBM.csv
4080,IBM.csv
4081,IBM.csv
4082,IBM.csv
4083,IBM.csv
4084,IBM.csv
4085,IBM.csv
4086,IBM.csv
4087,IBM.csv
4088,IBM.csv
4089,IBM.csv
4090,IBM.csv
4091,IBM.csv
4092,IBM.csv
4093,IBM.csv
4094,IBM.csv
4095,IBM.csv
4096,IBM.csv
4097,IBM.csv
4098,IBM.csv
4099,IBM.csv
4100,IBM.csv
4101,IBM.csv
4102,IBM.csv
4103,IBM.csv
4104,IBM.csv
4105,IBM.csv
4106,IBM.csv
4107,IBM.csv
4108,IBM.csv
4109,IBM.csv
4110,IBM.csv
4111,IBM.csv
4112,IBM.csv
4113,IBM.csv
4114,IBM.csv
4115,IBM.csv
4116,IBM.csv
4117,IBM.csv
4118,IBM.csv
4119,IBM.csv
4120,IBM.csv
4121,IBM.csv
4122,IBM.csv
4123,IBM.csv
4124,IBM.csv
4125,IBM.csv
4126,IBM.csv
4127,IBM.csv
4128,IBM.csv
4129,IBM.csv
4130,IBM.csv
4131,IBM.csv
4132,IBM.csv
4133,IBM.csv
4134,IBM.csv
4135,IBM.csv
4136,IBM.csv
4137,IBM.csv
4138,IBM.csv
4139,IBM.csv
4140,IBM.csv
4141,IBM.csv
4142,IBM.csv
4143,IBM.csv
4144,IBM.csv
4145,IBM.csv
4146,IBM.csv
4147,IBM.csv
4148,IBM.csv
4149,IBM.csv
4150,IBM.csv
4151,IBM.csv
4152,IBM.csv
4153,IBM.csv
4154,IBM.csv
4155,IBM.csv
4156,IBM.csv
4157,IBM.csv
4158,IBM.csv
4159,IBM.csv
4160,IBM.csv
4161,IBM.csv
4162,IBM.csv
4163,IBM.csv
4164,IBM.csv
4165,IBM.csv
4166,IBM.csv
4167,IBM.csv
4168,IBM.csv
4169,IBM.csv
4170,IBM.csv
4171,IBM.csv
4172,IBM.csv
4173,IBM.csv
4174,IBM.csv
4175,IBM.csv
4176,IBM.csv
4177,IBM.csv
4178,IBM.csv
4179,IBM.csv
4180,IBM.csv
4181,IBM.csv
4182,IBM.csv
4183,IBM.csv
4184,IBM.csv
4185,IBM.csv
4186,IBM.csv
4187,IBM.csv
4188,IBM.csv
4189,IBM.csv
4190,IBM.csv
4191,IBM.csv
4192,IBM.csv
4193,IBM.csv
4194,IBM.csv
4195,IBM.csv
4196,IBM.csv
4197,IBM.csv
4198,IBM.csv
4199,IBM.csv
4200,IBM.csv
4201,IBM.csv
4202,IBM.csv
4203,IBM.csv
4204,IBM.csv
4205,IBM.csv
4206,IBM.csv
4207,IBM.csv
4208,IBM.csv
4209,IBM.csv
4210,IBM.csv
4211,IBM.csv
4212,IBM.csv
4213,IBM.csv
4214,IBM.csv
4215,IBM.csv
4216,IBM.csv
4217,GS.csv
4218,GS.csv
4219,GS.csv
4220,GS.csv
4221,GS.csv
4222,GS.csv
4223,GS.csv
4224,GS.csv
4225,GS.csv
4226,GS.csv
4227,GS.csv
4228,GS.csv
4229,GS.csv
4230,GS.csv
4231,GS.csv
4232,GS.csv
4233,GS.csv
4234,GS.csv
4235,GS.csv
4236,GS.csv
4237,GS.csv
4238,GS.csv
4239,GS.csv
4240,GS.csv
4241,GS.csv
4242,GS.csv
4243,GS.csv
4244,GS.csv
4245,GS.csv
4246,GS.csv
4247,GS.csv
4248,GS.csv
4249,GS.csv
4250,GS.csv
4251,GS.csv
4252,GS.csv
4253,GS.csv
4254,GS.csv
4255,GS.csv
4256,GS.csv
4257,GS.csv
4258,GS.csv
4259,GS.csv
4260,GS.csv
4261,GS.csv
4262,GS.csv
4263,GS.csv
4264,GS.csv
4265,GS.csv
4266,GS.csv
4267,GS.csv
4268,GS.csv
4269,GS.csv
4270,GS.csv
4271,GS.csv
4272,GS.csv
4273,GS.csv
4274,GS.csv
4275,GS.csv
4276,GS.csv
4277,GS.csv
4278,GS.csv
4279,GS.csv
4280,GS.csv
4281,GS.csv
4282,GS.csv
4283,GS.csv
4284,GS.csv
4285,GS.csv
4286,GS.csv
4287,GS.csv
4288,GS.csv
4289,GS.csv
4290,GS.csv
4291,GS.csv
4292,GS.csv
4293,GS.csv
4294,GS.csv
4295,GS.csv
4296,GS.csv
4297,GS.csv
4298,GS.csv
4299,GS.csv
4300,GS.csv
4301,GS.csv
4302,GS.csv
4303,GS.csv
4304,GS.csv
4305,GS.csv
4306,GS.csv
4307,GS.csv
4308,GS.csv
4309,GS.csv
4310,GS.csv
4311,GS.csv
4312,GS.csv
4313,GS.csv
4314,GS.csv
4315,GS.csv
4316,GS.csv
4317,GS.csv
4318,GS.csv
4319,GS.csv
4320,GS.csv
4321,GS.csv
4322,GS.csv
4323,GS.csv
4324,GS.csv
4325,GS.csv
4326,GS.csv
4327,GS.csv
4328,GS.csv
4329,GS.csv
4330,GS.csv
4331,GS.csv
4332,GS.csv
4333,GS.csv
4334,GS.csv
4335,GS.csv
4336,GS.csv
4337,GS.csv
4338,GS.csv
4339,GS.csv
4340,GS.csv
4341,GS.csv
4342,GS.csv
4343,GS.csv
4344,GS.csv
4345,GS.csv
4346,GS.csv
4347,GS.csv
4348,GS.csv
4349,GS.csv
4350,GS.csv
4351,GS.csv
4352,GS.csv
4353,GS.csv
4354,GS.csv
4355,GS.csv
4356,GS.csv
4357,GS.csv
4358,GS.csv
4359,GS.csv
4360,GS.csv
4361,GS.csv
4362,GS.csv
4363,GS.csv
4364,GS.csv
4365,GS.csv
4366,GS.csv
4367,GS.csv
4368,GS.csv
4369,GS.csv
4370,GS.csv
4371,GS.csv
4372,GS.csv
4373,GS.csv
4374,GS.csv
4375,GS.csv
4376,GS.csv
4377,GS.csv
4378,GS.csv
4379,GS.csv
4380,GS.csv
4381,GS.csv
4382,GS.csv
4383,GS.csv
4384,GS.csv
4385,GS.csv
4386,GS.csv
4387,GS.csv
4388,GS.csv
4389,GS.csv
4390,GS.csv
4391,GS.csv
4392,GS.csv
4393,GS.csv
4394,GS.csv
4395,GS.csv
4396,GS.csv
4397,GS.csv
4398,GS.csv
4399,GS.csv
4400,GS.csv
4401,GS.csv
4402,GS.csv
4403,GS.csv
4404,GS.csv
4405,GS.csv
4406,GS.csv
4407,GS.csv
4408,GS.csv
4409,GS.csv
4410,GS.csv
4411,GS.csv
4412,GS.csv
4413,GS.csv
4414,GS.csv
4415,GS.csv
4416,GS.csv
4417,GS.csv
4418,GS.csv
4419,GS.csv
4420,GS.csv
4421,GS.csv
4422,GS.csv
4423,GS.csv
4424,GS.csv
4425,GS.csv
4426,GS.csv
4427,GS.csv
4428,GS.csv
4429,GS.csv
4430,GS.csv
4431,GS.csv
4432,GS.csv
4433,GS.csv
4434,GS.csv
4435,GS.csv
4436,GS.csv
4437,GS.csv
4438,GS.csv
4439,GS.csv
4440,GS.csv
4441,GS.csv
4442,GS.csv
4443,GS.csv
4444,GS.csv
4445,GS.csv
4446,GS.csv
4447,GS.csv
4448,GS.csv
4449,GS.csv
4450,GS.csv
4451,GS.csv
4452,GS.csv
4453,GS.csv
4454,GS.csv
4455,GS.csv
4456,GS.csv
4457,GS.csv
4458,GS.csv
4459,GS.csv
4460,GS.csv
4461,GS.csv
4462,GS.csv
4463,GS.csv
4464,GS.csv
4465,GS.csv
4466,GS.csv
4467,GS.csv
4468,GS.csv
4469,GS.csv
4470,GS.csv
4471,GS.csv
4472,GS.csv
4473,GS.csv
4474,GS.csv
4475,DIS.csv
4476,DIS.csv
4477,DIS.csv
4478,DIS.csv
4479,DIS.csv
4480,DIS.csv
4481,DIS.csv
4482,DIS.csv
4483,DIS.csv
4484,DIS.csv
4485,DIS.csv
4486,DIS.csv
4487,DIS.csv
4488,DIS.csv
4489,DIS.csv
4490,DIS.csv
4491,DIS.csv
4492,DIS.csv
4493,DIS.csv
4494,DIS.csv
4495,DIS.csv
4496,DIS.csv
4497,DIS.csv
4498,DIS.csv
4499,DIS.csv
4500,DIS.csv
4501,DIS.csv
4502,DIS.csv
4503,DIS.csv
4504,DIS.csv
4505,DIS.csv
4506,DIS.csv
4507,DIS.csv
4508,DIS.csv
4509,DIS.csv
4510,DIS.csv
4511,DIS.csv
4512,DIS.csv
4513,DIS.csv
4514,DIS.csv
4515,DIS.csv
4516,DIS.csv
4517,DIS.csv
4518,DIS.csv
4519,DIS.csv
4520,DIS.csv
4521,DIS.csv
4522,DIS.csv
4523,DIS.csv
4524,DIS.csv
4525,DIS.csv
4526,DIS.csv
4527,DIS.csv
4528,DIS.csv
4529,DIS.csv
4530,DIS.csv
4531,DIS.csv
4532,DIS.csv
4533,DIS.csv
4534,DIS.csv
4535,DIS.csv
4536,DIS.csv
4537,DIS.csv
4538,DIS.csv
4539,DIS.csv
4540,DIS.csv
4541,DIS.csv
4542,DIS.csv
4543,DIS.csv
4544,DIS.csv
4545,DIS.csv
4546,DIS.csv
4547,DIS.csv
4548,DIS.csv
4549,DIS.csv
4550,DIS.csv
4551,DIS.csv
4552,DIS.csv
4553,DIS.csv
4554,DIS.csv
4555,DIS.csv
4556,DIS.csv
4557,DIS.csv
4558,DIS.csv
4559,DIS.csv
4560,DIS.csv
4561,DIS.csv
4562,DIS.csv
4563,DIS.csv
4564,DIS.csv
4565,DIS.csv
4566,DIS.csv
4567,DIS.csv
4568,DIS.csv
4569,DIS.csv
4570,DIS.csv
4571,DIS.csv
4572,DIS.csv
4573,DIS.csv
4574,DIS.csv
4575,DIS.csv
4576,DIS.csv
4577,DIS.csv
4578,DIS.csv
4579,DIS.csv
4580,DIS.csv
4581,DIS.csv
4582,DIS.csv
4583,DIS.csv
4584,DIS.csv
4585,DIS.csv
4586,DIS.csv
4587,DIS.csv
4588,DIS.csv
4589,DIS.csv
4590,DIS.csv
4591,DIS.csv
4592,DIS.csv
4593,DIS.csv
4594,DIS.csv
4595,DIS.csv
4596,DIS.csv
4597,DIS.csv
4598,DIS.csv
4599,DIS.csv
4600,DIS.csv
4601,DIS.csv
4602,DIS.csv
4603,DIS.csv
4604,DIS.csv
4605,DIS.csv
4606,DIS.csv
4607,DIS.csv
4608,DIS.csv
4609,DIS.csv
4610,DIS.csv
4611,DIS.csv
4612,DIS.csv
4613,DIS.csv
4614,DIS.csv
4615,DIS.csv
4616,DIS.csv
4617,DIS.csv
4618,DIS.csv
4619,DIS.csv
4620,DIS.csv
4621,DIS.csv
4622,DIS.csv
4623,DIS.csv
4624,DIS.csv
4625,DIS.csv
4626,DIS.csv
4627,DIS.csv
4628,DIS.csv
4629,DIS.csv
4630,DIS.csv
4631,DIS.csv
4632,DIS.csv
4633,DIS.csv
4634,DIS.csv
4635,DIS.csv
4636,DIS.csv
4637,DIS.csv
4638,DIS.csv
4639,DIS.csv
4640,DIS.csv
4641,DIS.csv
4642,DIS.csv
4643,DIS.csv
4644,DIS.csv
4645,DIS.csv
4646,DIS.csv
4647,DIS.csv
4648,DIS.csv
4649,DIS.csv
4650,DIS.csv
4651,DIS.csv
4652,DIS.csv
4653,DIS.csv
4654,DIS.csv
4655,DIS.csv
4656,DIS.csv
4657,DIS.csv
4658,DIS.csv
4659,DIS.csv
4660,DIS.csv
4661,DIS.csv
4662,DIS.csv
4663,DIS.csv
4664,DIS.csv
4665,DIS.csv
4666,DIS.csv
4667,DIS.csv
4668,DIS.csv
4669,DIS.csv
4670,DIS.csv
4671,DIS.csv
4672,DIS.csv
4673,DIS.csv
4674,DIS.csv
4675,DIS.csv
4676,DIS.csv
4677,DIS.csv
4678,DIS.csv
4679,DIS.csv
4680,DIS.csv
4681,DIS.csv
4682,DIS.csv
4683,DIS.csv
4684,DIS.csv
4685,DIS.csv
4686,DIS.csv
4687,DIS.csv
4688,DIS.csv
4689,DIS.csv
4690,DIS.csv
4691,DIS.csv
4692,DIS.csv
4693,DIS.csv
4694,DIS.csv
4695,DIS.csv
4696,DIS.csv
4697,DIS.csv
4698,DIS.csv
4699,DIS.csv
4700,DIS.csv
4701,DIS.csv
4702,DIS.csv
4703,DIS.csv
4704,DIS.csv
4705,DIS.csv
4706,DIS.csv
4707,DIS.csv
4708,DIS.csv
4709,DIS.csv
4710,DIS.csv
4711,DIS.csv
4712,DIS.csv
4713,DIS.csv
4714,DIS.csv
4715,DIS.csv
4716,DIS.csv
4717,DIS.csv
4718,DIS.csv
4719,DIS.csv
4720,DIS.csv
4721,DIS.csv
4722,DIS.csv
4723,DIS.csv
4724,DIS.csv
4725,DIS.csv
4726,DIS.csv
4727,DIS.csv
4728,DIS.csv
4729,DIS.csv
4730,DIS.csv
4731,DIS.csv
4732,DIS.csv
4733,JPM.csv
4734,JPM.csv
4735,JPM.csv
4736,JPM.csv
4737,JPM.csv
4738,JPM.csv
4739,JPM.csv
4740,JPM.csv
4741,JPM.csv
4742,JPM.csv
4743,JPM.csv
4744,JPM.csv
4745,JPM.csv
4746,JPM.csv
4747,JPM.csv
4748,JPM.csv
4749,JPM.csv
4750,JPM.csv
4751,JPM.csv
4752,JPM.csv
4753,JPM.csv
4754,JPM.csv
4755,JPM.csv
4756,JPM.csv
4757,JPM.csv
4758,JPM.csv
4759,JPM.csv
4760,JPM.csv
4761,JPM.csv
4762,JPM.csv
4763,JPM.csv
4764,JPM.csv
4765,JPM.csv
4766,JPM.csv
4767,JPM.csv
4768,JPM.csv
4769,JPM.csv
4770,JPM.csv
4771,JPM.csv
4772,JPM.csv
4773,JPM.csv
4774,JPM.csv
4775,JPM.csv
4776,JPM.csv
4777,JPM.csv
4778,JPM.csv
4779,JPM.csv
4780,JPM.csv
4781,JPM.csv
4782,JPM.csv
4783,JPM.csv
4784,JPM.csv
4785,JPM.csv
4786,JPM.csv
4787,JPM.csv
4788,JPM.csv
4789,JPM.csv
4790,JPM.csv
4791,JPM.csv
4792,JPM.csv
4793,JPM.csv
4794,JPM.csv
4795,JPM.csv
4796,JPM.csv
4797,JPM.csv
4798,JPM.csv
4799,JPM.csv
4800,JPM.csv
4801,JPM.csv
4802,JPM.csv
4803,JPM.csv
4804,JPM.csv
4805,JPM.csv
4806,JPM.csv
4807,JPM.csv
4808,JPM.csv
4809,JPM.csv
4810,JPM.csv
4811,JPM.csv
4812,JPM.csv
4813,JPM.csv
4814,JPM.csv
4815,JPM.csv
4816,JPM.csv
4817,JPM.csv
4818,JPM.csv
4819,JPM.csv
4820,JPM.csv
4821,JPM.csv
4822,JPM.csv
4823,JPM.csv
4824,JPM.csv
4825,JPM.csv
4826,JPM.csv
4827,JPM.csv
4828,JPM.csv
4829,JPM.csv
4830,JPM.csv
4831,JPM.csv
4832,JPM.csv
4833,JPM.csv
4834,JPM.csv
4835,JPM.csv
4836,JPM.csv
4837,JPM.csv
4838,JPM.csv
4839,JPM.csv
4840,JPM.csv
4841,JPM.csv
4842,JPM.csv
4843,JPM.csv
4844,JPM.csv
4845,JPM.csv
4846,JPM.csv
4847,JPM.csv
4848,JPM.csv
4849,JPM.csv
4850,JPM.csv
4851,JPM.csv
4852,JPM.csv
4853,JPM.csv
4854,JPM.csv
4855,JPM.csv
4856,JPM.csv
4857,JPM.csv
4858,JPM.csv
4859,JPM.csv
4860,JPM.csv
4861,JPM.csv
4862,JPM.csv
4863,JPM.csv
4864,JPM.csv
4865,JPM.csv
4866,JPM.csv
4867,JPM.csv
4868,JPM.csv
4869,JPM.csv
4870,JPM.csv
4871,JPM.csv
4872,JPM.csv
4873,JPM.csv
4874,JPM.csv
4875,JPM.csv
4876,JPM.csv
4877,JPM.csv
4878,JPM.csv
4879,JPM.csv
4880,JPM.csv
4881,JPM.csv
4882,JPM.csv
4883,JPM.csv
4884,JPM.csv
4885,JPM.csv
4886,JPM.csv
4887,JPM.csv
4888,JPM.csv
4889,JPM.csv
4890,JPM.csv
4891,JPM.csv
4892,JPM.csv
4893,JPM.csv
4894,JPM.csv
4895,JPM.csv
4896,JPM.csv
4897,JPM.csv
4898,JPM.csv
4899,JPM.csv
4900,JPM.csv
4901,JPM.csv
4902,JPM.csv
4903,JPM.csv
4904,JPM.csv
4905,JPM.csv
4906,JPM.csv
4907,JPM.csv
4908,JPM.csv
4909,JPM.csv
4910,JPM.csv
4911,JPM.csv
4912,JPM.csv
4913,JPM.csv
4914,JPM.csv
4915,JPM.csv
4916,JPM.csv
4917,JPM.csv
4918,JPM.csv
4919,JPM.csv
4920,JPM.csv
4921,JPM.csv
4922,JPM.csv
4923,JPM.csv
4924,JPM.csv
4925,JPM.csv
4926,JPM.csv
4927,JPM.csv
4928,JPM.csv
4929,JPM.csv
4930,JPM.csv
4931,JPM.csv
4932,JPM.csv
4933,JPM.csv
4934,JPM.csv
4935,JPM.csv
4936,JPM.csv
4937,JPM.csv
4938,JPM.csv
4939,JPM.csv
4940,JPM.csv
4941,JPM.csv
4942,JPM.csv
4943,JPM.csv
4944,JPM.csv
4945,JPM.csv
4946,JPM.csv
4947,JPM.csv
4948,JPM.csv
4949,JPM.csv
4950,JPM.csv
4951,JPM.csv
4952,JPM.csv
4953,JPM.csv
4954,JPM.csv
4955,JPM.csv
4956,JPM.csv
4957,JPM.csv
4958,JPM.csv
4959,JPM.csv
4960,JPM.csv
4961,JPM.csv
4962,JPM.csv
4963,JPM.csv
4964,JPM.csv
4965,JPM.csv
4966,JPM.csv
4967,JPM.csv
4968,JPM.csv
4969,JPM.csv
4970,JPM.csv
4971,JPM.csv
4972,JPM.csv
4973,JPM.csv
4974,JPM.csv
4975,JPM.csv
4976,JPM.csv
4977,JPM.csv
4978,JPM.csv
4979,JPM.csv
4980,JPM.csv
4981,JPM.csv
4982,JPM.csv
4983,JPM.csv
4984,JPM.csv
4985,JPM.csv
4986,JPM.csv
4987,JPM.csv
4988,JPM.csv
4989,JPM.csv
4990,JPM.csv
4991,VZ.csv
4992,VZ.csv
4993,VZ.csv
4994,VZ.csv
4995,VZ.csv
4996,VZ.csv
4997,VZ.csv
4998,VZ.csv
4999,VZ.csv
5000,VZ.csv
5001,VZ.csv
5002,VZ.csv
5003,VZ.csv
5004,VZ.csv
5005,VZ.csv
5006,VZ.csv
5007,VZ.csv
5008,VZ.csv
5009,VZ.csv
5010,VZ.csv
5011,VZ.csv
5012,VZ.csv
5013,VZ.csv
5014,VZ.csv
5015,VZ.csv
5016,VZ.csv
5017,VZ.csv
5018,VZ.csv
5019,VZ.csv
5020,VZ.csv
5021,VZ.csv
5022,VZ.csv
5023,VZ.csv
5024,VZ.csv
5025,VZ.csv
5026,VZ.csv
5027,VZ.csv
5028,VZ.csv
5029,VZ.csv
5030,VZ.csv
5031,VZ.csv
5032,VZ.csv
5033,VZ.csv
5034,VZ.csv
5035,VZ.csv
5036,VZ.csv
5037,VZ.csv
5038,VZ.csv
5039,VZ.csv
5040,VZ.csv
5041,VZ.csv
5042,VZ.csv
5043,VZ.csv
5044,VZ.csv
5045,VZ.csv
5046,VZ.csv
5047,VZ.csv
5048,VZ.csv
5049,VZ.csv
5050,VZ.csv
5051,VZ.csv
5052,VZ.csv
5053,VZ.csv
5054,VZ.csv
5055,VZ.csv
5056,VZ.csv
5057,VZ.csv
5058,VZ.csv
5059,VZ.csv
5060,VZ.csv
5061,VZ.csv
5062,VZ.csv
5063,VZ.csv
5064,VZ.csv
5065,VZ.csv
5066,VZ.csv
5067,VZ.csv
5068,VZ.csv
5069,VZ.csv
5070,VZ.csv
5071,VZ.csv
5072,VZ.csv
5073,VZ.csv
5074,VZ.csv
5075,VZ.csv
5076,VZ.csv
5077,VZ.csv
5078,VZ.csv
5079,VZ.csv
5080,VZ.csv
5081,VZ.csv
5082,VZ.csv
5083,VZ.csv
5084,VZ.csv
5085,VZ.csv
5086,VZ.csv
5087,VZ.csv
5088,VZ.csv
5089,VZ.csv
5090,VZ.csv
5091,VZ.csv
5092,VZ.csv
5093,VZ.csv
5094,VZ.csv
5095,VZ.csv
5096,VZ.csv
5097,VZ.csv
5098,VZ.csv
5099,VZ.csv
5100,VZ.csv
5101,VZ.csv
5102,VZ.csv
5103,VZ.csv
5104,VZ.csv
5105,VZ.csv
5106,VZ.csv
5107,VZ.csv
5108,VZ.csv
5109,VZ.csv
5110,VZ.csv
5111,VZ.csv
5112,VZ.csv
5113,VZ.csv
5114,VZ.csv
5115,VZ.csv
5116,VZ.csv
5117,VZ.csv
5118,VZ.csv
5119,VZ.csv
5120,VZ.csv
5121,VZ.csv
5122,VZ.csv
5123,VZ.csv
5124,VZ.csv
5125,VZ.csv
5126,VZ.csv
5127,VZ.csv
5128,VZ.csv
5129,VZ.csv
5130,VZ.csv
5131,VZ.csv
5132,VZ.csv
5133,VZ.csv
5134,VZ.csv
5135,VZ.csv
5136,VZ.csv
5137,VZ.csv
5138,VZ.csv
5139,VZ.csv
5140,VZ.csv
5141,VZ.csv
5142,VZ.csv
5143,VZ.csv
5144,VZ.csv
5145,VZ.csv
5146,VZ.csv
5147,VZ.csv
5148,VZ.csv
5149,VZ.csv
5150,VZ.csv
5151,VZ.csv
5152,VZ.csv
5153,VZ.csv
5154,VZ.csv
5155,VZ.csv
5156,VZ.csv
5157,VZ.csv
5158,VZ.csv
5159,VZ.csv
5160,VZ.csv
5161,VZ.csv
5162,VZ.csv
5163,VZ.csv
5164,VZ.csv
5165,VZ.csv
5166,VZ.csv
5167,VZ.csv
5168,VZ.csv
5169,VZ.csv
5170,VZ.csv
5171,VZ.csv
5172,VZ.csv
5173,VZ.csv
5174,VZ.csv
5175,VZ.csv
5176,VZ.csv
5177,VZ.csv
5178,VZ.csv
5179,VZ.csv
5180,VZ.csv
5181,VZ.csv
5182,VZ.csv
5183,VZ.csv
5184,VZ.csv
5185,VZ.csv
5186,VZ.csv
5187,VZ.csv
5188,VZ.csv
5189,VZ.csv
5190,VZ.csv
5191,VZ.csv
5192,VZ.csv
5193,VZ.csv
5194,VZ.csv
5195,VZ.csv
5196,VZ.csv
5197,VZ.csv
5198,VZ.csv
5199,VZ.csv
5200,VZ.csv
5201,VZ.csv
5202,VZ.csv
5203,VZ.csv
5204,VZ.csv
5205,VZ.csv
5206,VZ.csv
5207,VZ.csv
5208,VZ.csv
5209,VZ.csv
5210,VZ.csv
5211,VZ.csv
5212,VZ.csv
5213,VZ.csv
5214,VZ.csv
5215,VZ.csv
5216,VZ.csv
5217,VZ.csv
5218,VZ.csv
5219,VZ.csv
5220,VZ.csv
5221,VZ.csv
5222,VZ.csv
5223,VZ.csv
5224,VZ.csv
5225,VZ.csv
5226,VZ.csv
5227,VZ.csv
5228,VZ.csv
5229,VZ.csv
5230,VZ.csv
5231,VZ.csv
5232,VZ.csv
5233,VZ.csv
5234,VZ.csv
5235,VZ.csv
5236,VZ.csv
5237,VZ.csv
5238,VZ.csv
5239,VZ.csv
5240,VZ.csv
5241,VZ.csv
5242,VZ.csv
5243,VZ.csv
5244,VZ.csv
5245,VZ.csv
5246,VZ.csv
5247,VZ.csv
5248,VZ.csv
5249,AMGN.csv
5250,AMGN.csv
5251,AMGN.csv
5252,AMGN.csv
5253,AMGN.csv
5254,AMGN.csv
5255,AMGN.csv
5256,AMGN.csv
5257,AMGN.csv
5258,AMGN.csv
5259,AMGN.csv
5260,AMGN.csv
5261,AMGN.csv
5262,AMGN.csv
5263,AMGN.csv
5264,AMGN.csv
5265,AMGN.csv
5266,AMGN.csv
5267,AMGN.csv
5268,AMGN.csv
5269,AMGN.csv
5270,AMGN.csv
5271,AMGN.csv
5272,AMGN.csv
5273,AMGN.csv
5274,AMGN.csv
5275,AMGN.csv
5276,AMGN.csv
5277,AMGN.csv
5278,AMGN.csv
5279,AMGN.csv
5280,AMGN.csv
5281,AMGN.csv
5282,AMGN.csv
5283,AMGN.csv
5284,AMGN.csv
5285,AMGN.csv
5286,AMGN.csv
5287,AMGN.csv
5288,AMGN.csv
5289,AMGN.csv
5290,AMGN.csv
5291,AMGN.csv
5292,AMGN.csv
5293,AMGN.csv
5294,AMGN.csv
5295,AMGN.csv
5296,AMGN.csv
5297,AMGN.csv
5298,AMGN.csv
5299,AMGN.csv
5300,AMGN.csv
5301,AMGN.csv
5302,AMGN.csv
5303,AMGN.csv
5304,AMGN.csv
5305,AMGN.csv
5306,AMGN.csv
5307,AMGN.csv
5308,AMGN.csv
5309,AMGN.csv
5310,AMGN.csv
5311,AMGN.csv
5312,AMGN.csv
5313,AMGN.csv
5314,AMGN.csv
5315,AMGN.csv
5316,AMGN.csv
5317,AMGN.csv
5318,AMGN.csv
5319,AMGN.csv
5320,AMGN.csv
5321,AMGN.csv
5322,AMGN.csv
5323,AMGN.csv
5324,AMGN.csv
5325,AMGN.csv
5326,AMGN.csv
5327,AMGN.csv
5328,AMGN.csv
5329,AMGN.csv
5330,AMGN.csv
5331,AMGN.csv
5332,AMGN.csv
5333,AMGN.csv
5334,AMGN.csv
5335,AMGN.csv
5336,AMGN.csv
5337,AMGN.csv
5338,AMGN.csv
5339,AMGN.csv
5340,AMGN.csv
5341,AMGN.csv
5342,AMGN.csv
5343,AMGN.csv
5344,AMGN.csv
5345,AMGN.csv
5346,AMGN.csv
5347,AMGN.csv
5348,AMGN.csv
5349,AMGN.csv
5350,AMGN.csv
5351,AMGN.csv
5352,AMGN.csv
5353,AMGN.csv
5354,AMGN.csv
5355,AMGN.csv
5356,AMGN.csv
5357,AMGN.csv
5358,AMGN.csv
5359,AMGN.csv
5360,AMGN.csv
5361,AMGN.csv
5362,AMGN.csv
5363,AMGN.csv
5364,AMGN.csv
5365,AMGN.csv
5366,AMGN.csv
5367,AMGN.csv
5368,AMGN.csv
5369,AMGN.csv
5370,AMGN.csv
5371,AMGN.csv
5372,AMGN.csv
5373,AMGN.csv
5374,AMGN.csv
5375,AMGN.csv
5376,AMGN.csv
5377,AMGN.csv
5378,AMGN.csv
5379,AMGN.csv
5380,AMGN.csv
5381,AMGN.csv
5382,AMGN.csv
5383,AMGN.csv
5384,AMGN.csv
5385,AMGN.csv
5386,AMGN.csv
5387,AMGN.csv
5388,AMGN.csv
5389,AMGN.csv
5390,AMGN.csv
5391,AMGN.csv
5392,AMGN.csv
5393,AMGN.csv
5394,AMGN.csv
5395,AMGN.csv
5396,AMGN.csv
5397,AMGN.csv
5398,AMGN.csv
5399,AMGN.csv
5400,AMGN.csv
5401,AMGN.csv
5402,AMGN.csv
5403,AMGN.csv
5404,AMGN.csv
5405,AMGN.csv
5406,AMGN.csv
5407,AMGN.csv
5408,AMGN.csv
5409,AMGN.csv
5410,AMGN.csv
5411,AMGN.csv
5412,AMGN.csv
5413,AMGN.csv
5414,AMGN.csv
5415,AMGN.csv
5416,AMGN.csv
5417,AMGN.csv
5418,AMGN.csv
5419,AMGN.csv
5420,AMGN.csv
5421,AMGN.csv
5422,AMGN.csv
5423,AMGN.csv
5424,AMGN.csv
5425,AMGN.csv
5426,AMGN.csv
5427,AMGN.csv
5428,AMGN.csv
5429,AMGN.csv
5430,AMGN.csv
5431,AMGN.csv
5432,AMGN.csv
5433,AMGN.csv
5434,AMGN.csv
5435,AMGN.csv
5436,AMGN.csv
5437,AMGN.csv
5438,AMGN.csv
5439,AMGN.csv
5440,AMGN.csv
5441,AMGN.csv
5442,AMGN.csv
5443,AMGN.csv
5444,AMGN.csv
5445,AMGN.csv
5446,AMGN.csv
5447,AMGN.csv
5448,AMGN.csv
5449,AMGN.csv
5450,AMGN.csv
5451,AMGN.csv
5452,AMGN.csv
5453,AMGN.csv
5454,AMGN.csv
5455,AMGN.csv
5456,AMGN.csv
5457,AMGN.csv
5458,AMGN.csv
5459,AMGN.csv
5460,AMGN.csv
5461,AMGN.csv
5462,AMGN.csv
5463,AMGN.csv
5464,AMGN.csv
5465,AMGN.csv
5466,AMGN.csv
5467,AMGN.csv
5468,AMGN.csv
5469,AMGN.csv
5470,AMGN.csv
5471,AMGN.csv
5472,AMGN.csv
5473,AMGN.csv
5474,AMGN.csv
5475,AMGN.csv
5476,AMGN.csv
5477,AMGN.csv
5478,AMGN.csv
5479,AMGN.csv
5480,AMGN.csv
5481,AMGN.csv
5482,AMGN.csv
5483,AMGN.csv
5484,AMGN.csv
5485,AMGN.csv
5486,AMGN.csv
5487,AMGN.csv
5488,AMGN.csv
5489,AMGN.csv
5490,AMGN.csv
5491,AMGN.csv
5492,AMGN.csv
5493,AMGN.csv
5494,AMGN.csv
5495,AMGN.csv
5496,AMGN.csv
5497,AMGN.csv
5498,AMGN.csv
5499,AMGN.csv
5500,AMGN.csv
5501,AMGN.csv
5502,AMGN.csv
5503,AMGN.csv
5504,AMGN.csv
5505,AMGN.csv
5506,AMGN.csv
5507,UNH.csv
5508,UNH.csv
5509,UNH.csv
5510,UNH.csv
5511,UNH.csv
5512,UNH.csv
5513,UNH.csv
5514,UNH.csv
5515,UNH.csv
5516,UNH.csv
5517,UNH.csv
5518,UNH.csv
5519,UNH.csv
5520,UNH.csv
5521,UNH.csv
5522,UNH.csv
5523,UNH.csv
5524,UNH.csv
5525,UNH.csv
5526,UNH.csv
5527,UNH.csv
5528,UNH.csv
5529,UNH.csv
5530,UNH.csv
5531,UNH.csv
5532,UNH.csv
5533,UNH.csv
5534,UNH.csv
5535,UNH.csv
5536,UNH.csv
5537,UNH.csv
5538,UNH.csv
5539,UNH.csv
5540,UNH.csv
5541,UNH.csv
5542,UNH.csv
5543,UNH.csv
5544,UNH.csv
5545,UNH.csv
5546,UNH.csv
5547,UNH.csv
5548,UNH.csv
5549,UNH.csv
5550,UNH.csv
5551,UNH.csv
5552,UNH.csv
5553,UNH.csv
5554,UNH.csv
5555,UNH.csv
5556,UNH.csv
5557,UNH.csv
5558,UNH.csv
5559,UNH.csv
5560,UNH.csv
5561,UNH.csv
5562,UNH.csv
5563,UNH.csv
5564,UNH.csv
5565,UNH.csv
5566,UNH.csv
5567,UNH.csv
5568,UNH.csv
5569,UNH.csv
5570,UNH.csv
5571,UNH.csv
5572,UNH.csv
5573,UNH.csv
5574,UNH.csv
5575,UNH.csv
5576,UNH.csv
5577,UNH.csv
5578,UNH.csv
5579,UNH.csv
5580,UNH.csv
5581,UNH.csv
5582,UNH.csv
5583,UNH.csv
5584,UNH.csv
5585,UNH.csv
5586,UNH.csv
5587,UNH.csv
5588,UNH.csv
5589,UNH.csv
5590,UNH.csv
5591,UNH.csv
5592,UNH.csv
5593,UNH.csv
5594,UNH.csv
5595,UNH.csv
5596,UNH.csv
5597,UNH.csv
5598,UNH.csv
5599,UNH.csv
5600,UNH.csv
5601,UNH.csv
5602,UNH.csv
5603,UNH.csv
5604,UNH.csv
5605,UNH.csv
5606,UNH.csv
5607,UNH.csv
5608,UNH.csv
5609,UNH.csv
5610,UNH.csv
5611,UNH.csv
5612,UNH.csv
5613,UNH.csv
5614,UNH.csv
5615,UNH.csv
5616,UNH.csv
5617,UNH.csv
5618,UNH.csv
5619,UNH.csv
5620,UNH.csv
5621,UNH.csv
5622,UNH.csv
5623,UNH.csv
5624,UNH.csv
5625,UNH.csv
5626,UNH.csv
5627,UNH.csv
5628,UNH.csv
5629,UNH.csv
5630,UNH.csv
5631,UNH.csv
5632,UNH.csv
5633,UNH.csv
5634,UNH.csv
5635,UNH.csv
5636,UNH.csv
5637,UNH.csv
5638,UNH.csv
5639,UNH.csv
5640,UNH.csv
5641,UNH.csv
5642,UNH.csv
5643,UNH.csv
5644,UNH.csv
5645,UNH.csv
5646,UNH.csv
5647,UNH.csv
5648,UNH.csv
5649,UNH.csv
5650,UNH.csv
5651,UNH.csv
5652,UNH.csv
5653,UNH.csv
5654,UNH.csv
5655,UNH.csv
5656,UNH.csv
5657,UNH.csv
5658,UNH.csv
5659,UNH.csv
5660,UNH.csv
5661,UNH.csv
5662,UNH.csv
5663,UNH.csv
5664,UNH.csv
5665,UNH.csv
5666,UNH.csv
5667,UNH.csv
5668,UNH.csv
5669,UNH.csv
5670,UNH.csv
5671,UNH.csv
5672,UNH.csv
5673,UNH.csv
5674,UNH.csv
5675,UNH.csv
5676,UNH.csv
5677,UNH.csv
5678,UNH.csv
5679,UNH.csv
5680,UNH.csv
5681,UNH.csv
5682,UNH.csv
5683,UNH.csv
5684,UNH.csv
5685,UNH.csv
5686,UNH.csv
5687,UNH.csv
5688,UNH.csv
5689,UNH.csv
5690,UNH.csv
5691,UNH.csv
5692,UNH.csv
5693,UNH.csv
5694,UNH.csv
5695,UNH.csv
5696,UNH.csv
5697,UNH.csv
5698,UNH.csv
5699,UNH.csv
5700,UNH.csv
5701,UNH.csv
5702,UNH.csv
5703,UNH.csv
5704,UNH.csv
5705,UNH.csv
5706,UNH.csv
5707,UNH.csv
5708,UNH.csv
5709,UNH.csv
5710,UNH.csv
5711,UNH.csv
5712,UNH.csv
5713,UNH.csv
5714,UNH.csv
5715,UNH.csv
5716,UNH.csv
5717,UNH.csv
5718,UNH.csv
5719,UNH.csv
5720,UNH.csv
5721,UNH.csv
5722,UNH.csv
5723,UNH.csv
5724,UNH.csv
5725,UNH.csv
5726,UNH.csv
5727,UNH.csv
5728,UNH.csv
5729,UNH.csv
5730,UNH.csv
5731,UNH.csv
5732,UNH.csv
5733,UNH.csv
5734,UNH.csv
5735,UNH.csv
5736,UNH.csv
5737,UNH.csv
5738,UNH.csv
5739,UNH.csv
5740,UNH.csv
5741,UNH.csv
5742,UNH.csv
5743,UNH.csv
5744,UNH.csv
5745,UNH.csv
5746,UNH.csv
5747,UNH.csv
5748,UNH.csv
5749,UNH.csv
5750,UNH.csv
5751,UNH.csv
5752,UNH.csv
5753,UNH.csv
5754,UNH.csv
5755,UNH.csv
5756,UNH.csv
5757,UNH.csv
5758,UNH.csv
5759,UNH.csv
5760,UNH.csv
5761,UNH.csv
5762,UNH.csv
5763,UNH.csv
5764,UNH.csv
5765,HON.csv
5766,HON.csv
5767,HON.csv
5768,HON.csv
5769,HON.csv
5770,HON.csv
5771,HON.csv
5772,HON.csv
5773,HON.csv
5774,HON.csv
5775,HON.csv
5776,HON.csv
5777,HON.csv
5778,HON.csv
5779,HON.csv
5780,HON.csv
5781,HON.csv
5782,HON.csv
5783,HON.csv
5784,HON.csv
5785,HON.csv
5786,HON.csv
5787,HON.csv
5788,HON.csv
5789,HON.csv
5790,HON.csv
5791,HON.csv
5792,HON.csv
5793,HON.csv
5794,HON.csv
5795,HON.csv
5796,HON.csv
5797,HON.csv
5798,HON.csv
5799,HON.csv
5800,HON.csv
5801,HON.csv
5802,HON.csv
5803,HON.csv
5804,HON.csv
5805,HON.csv
5806,HON.csv
5807,HON.csv
5808,HON.csv
5809,HON.csv
5810,HON.csv
5811,HON.csv
5812,HON.csv
5813,HON.csv
5814,HON.csv
5815,HON.csv
5816,HON.csv
5817,HON.csv
5818,HON.csv
5819,HON.csv
5820,HON.csv
5821,HON.csv
5822,HON.csv
5823,HON.csv
5824,HON.csv
5825,HON.csv
5826,HON.csv
5827,HON.csv
5828,HON.csv
5829,HON.csv
5830,HON.csv
5831,HON.csv
5832,HON.csv
5833,HON.csv
5834,HON.csv
5835,HON.csv
5836,HON.csv
5837,HON.csv
5838,HON.csv
5839,HON.csv
5840,HON.csv
5841,HON.csv
5842,HON.csv
5843,HON.csv
5844,HON.csv
5845,HON.csv
5846,HON.csv
5847,HON.csv
5848,HON.csv
5849,HON.csv
5850,HON.csv
5851,HON.csv
5852,HON.csv
5853,HON.csv
5854,HON.csv
5855,HON.csv
5856,HON.csv
5857,HON.csv
5858,HON.csv
5859,HON.csv
5860,HON.csv
5861,HON.csv
5862,HON.csv
5863,HON.csv
5864,HON.csv
5865,HON.csv
5866,HON.csv
5867,HON.csv
5868,HON.csv
5869,HON.csv
5870,HON.csv
5871,HON.csv
5872,HON.csv
5873,HON.csv
5874,HON.csv
5875,HON.csv
5876,HON.csv
5877,HON.csv
5878,HON.csv
5879,HON.csv
5880,HON.csv
5881,HON.csv
5882,HON.csv
5883,HON.csv
5884,HON.csv
5885,HON.csv
5886,HON.csv
5887,HON.csv
5888,HON.csv
5889,HON.csv
5890,HON.csv
5891,HON.csv
5892,HON.csv
5893,HON.csv
5894,HON.csv
5895,HON.csv
5896,HON.csv
5897,HON.csv
5898,HON.csv
5899,HON.csv
5900,HON.csv
5901,HON.csv
5902,HON.csv
5903,HON.csv
5904,HON.csv
5905,HON.csv
5906,HON.csv
5907,HON.csv
5908,HON.csv
5909,HON.csv
5910,HON.csv
5911,HON.csv
5912,HON.csv
5913,HON.csv
5914,HON.csv
5915,HON.csv
5916,HON.csv
5917,HON.csv
5918,HON.csv
5919,HON.csv
5920,HON.csv
5921,HON.csv
5922,HON.csv
5923,HON.csv
5924,HON.csv
5925,HON.csv
5926,HON.csv
5927,HON.csv
5928,HON.csv
5929,HON.csv
5930,HON.csv
5931,HON.csv
5932,HON.csv
5933,HON.csv
5934,HON.csv
5935,HON.csv
5936,HON.csv
5937,HON.csv
5938,HON.csv
5939,HON.csv
5940,HON.csv
5941,HON.csv
5942,HON.csv
5943,HON.csv
5944,HON.csv
5945,HON.csv
5946,HON.csv
5947,HON.csv
5948,HON.csv
5949,HON.csv
5950,HON.csv
5951,HON.csv
5952,HON.csv
5953,HON.csv
5954,HON.csv
5955,HON.csv
5956,HON.csv
5957,HON.csv
5958,HON.csv
5959,HON.csv
5960,HON.csv
5961,HON.csv
5962,HON.csv
5963,HON.csv
5964,HON.csv
5965,HON.csv
5966,HON.csv
5967,HON.csv
5968,HON.csv
5969,HON.csv
5970,HON.csv
5971,HON.csv
5972,HON.csv
5973,HON.csv
5974,HON.csv
5975,HON.csv
5976,HON.csv
5977,HON.csv
5978,HON.csv
5979,HON.csv
5980,HON.csv
5981,HON.csv
5982,HON.csv
5983,HON.csv
5984,HON.csv
5985,HON.csv
5986,HON.csv
5987,HON.csv
5988,HON.csv
5989,HON.csv
5990,HON.csv
5991,HON.csv
5992,HON.csv
5993,HON.csv
5994,HON.csv
5995,HON.csv
5996,HON.csv
5997,HON.csv
5998,HON.csv
5999,HON.csv
6000,HON.csv
6001,HON.csv
6002,HON.csv
6003,HON.csv
6004,HON.csv
6005,HON.csv
6006,HON.csv
6007,HON.csv
6008,HON.csv
6009,HON.csv
6010,HON.csv
6011,HON.csv
6012,HON.csv
6013,HON.csv
6014,HON.csv
6015,HON.csv
6016,HON.csv
6017,HON.csv
6018,HON.csv
6019,HON.csv
6020,HON.csv
6021,HON.csv
6022,HON.csv
6023,AAPL.csv
6024,AAPL.csv
6025,AAPL.csv
6026,AAPL.csv
6027,AAPL.csv
6028,AAPL.csv
6029,AAPL.csv
6030,AAPL.csv
6031,AAPL.csv
6032,AAPL.csv
6033,AAPL.csv
6034,AAPL.csv
6035,AAPL.csv
6036,AAPL.csv
6037,AAPL.csv
6038,AAPL.csv
6039,AAPL.csv
6040,AAPL.csv
6041,AAPL.csv
6042,AAPL.csv
6043,AAPL.csv
6044,AAPL.csv
6045,AAPL.csv
6046,AAPL.csv
6047,AAPL.csv
6048,AAPL.csv
6049,AAPL.csv
6050,AAPL.csv
6051,AAPL.csv
6052,AAPL.csv
6053,AAPL.csv
6054,AAPL.csv
6055,AAPL.csv
6056,AAPL.csv
6057,AAPL.csv
6058,AAPL.csv
6059,AAPL.csv
6060,AAPL.csv
6061,AAPL.csv
6062,AAPL.csv
6063,AAPL.csv
6064,AAPL.csv
6065,AAPL.csv
6066,AAPL.csv
6067,AAPL.csv
6068,AAPL.csv
6069,AAPL.csv
6070,AAPL.csv
6071,AAPL.csv
6072,AAPL.csv
6073,AAPL.csv
6074,AAPL.csv
6075,AAPL.csv
6076,AAPL.csv
6077,AAPL.csv
6078,AAPL.csv
6079,AAPL.csv
6080,AAPL.csv
6081,AAPL.csv
6082,AAPL.csv
6083,AAPL.csv
6084,AAPL.csv
6085,AAPL.csv
6086,AAPL.csv
6087,AAPL.csv
6088,AAPL.csv
6089,AAPL.csv
6090,AAPL.csv
6091,AAPL.csv
6092,AAPL.csv
6093,AAPL.csv
6094,AAPL.csv
6095,AAPL.csv
6096,AAPL.csv
6097,AAPL.csv
6098,AAPL.csv
6099,AAPL.csv
6100,AAPL.csv
6101,AAPL.csv
6102,AAPL.csv
6103,AAPL.csv
6104,AAPL.csv
6105,AAPL.csv
6106,AAPL.csv
6107,AAPL.csv
6108,AAPL.csv
6109,AAPL.csv
6110,AAPL.csv
6111,AAPL.csv
6112,AAPL.csv
6113,AAPL.csv
6114,AAPL.csv
6115,AAPL.csv
6116,AAPL.csv
6117,AAPL.csv
6118,AAPL.csv
6119,AAPL.csv
6120,AAPL.csv
6121,AAPL.csv
6122,AAPL.csv
6123,AAPL.csv
6124,AAPL.csv
6125,AAPL.csv
6126,AAPL.csv
6127,AAPL.csv
6128,AAPL.csv
6129,AAPL.csv
6130,AAPL.csv
6131,AAPL.csv
6132,AAPL.csv
6133,AAPL.csv
6134,AAPL.csv
6135,AAPL.csv
6136,AAPL.csv
6137,AAPL.csv
6138,AAPL.csv
6139,AAPL.csv
6140,AAPL.csv
6141,AAPL.csv
6142,AAPL.csv
6143,AAPL.csv
6144,AAPL.csv
6145,AAPL.csv
6146,AAPL.csv
6147,AAPL.csv
6148,AAPL.csv
6149,AAPL.csv
6150,AAPL.csv
6151,AAPL.csv
6152,AAPL.csv
6153,AAPL.csv
6154,AAPL.csv
6155,AAPL.csv
6156,AAPL.csv
6157,AAPL.csv
6158,AAPL.csv
6159,AAPL.csv
6160,AAPL.csv
6161,AAPL.csv
6162,AAPL.csv
6163,AAPL.csv
6164,AAPL.csv
6165,AAPL.csv
6166,AAPL.csv
6167,AAPL.csv
6168,AAPL.csv
6169,AAPL.csv
6170,AAPL.csv
6171,AAPL.csv
6172,AAPL.csv
6173,AAPL.csv
6174,AAPL.csv
6175,AAPL.csv
6176,AAPL.csv
6177,AAPL.csv
6178,AAPL.csv
6179,AAPL.csv
6180,AAPL.csv
6181,AAPL.csv
6182,AAPL.csv
6183,AAPL.csv
6184,AAPL.csv
6185,AAPL.csv
6186,AAPL.csv
6187,AAPL.csv
6188,AAPL.csv
6189,AAPL.csv
6190,AAPL.csv
6191,AAPL.csv
6192,AAPL.csv
6193,AAPL.csv
6194,AAPL.csv
6195,AAPL.csv
6196,AAPL.csv
6197,AAPL.csv
6198,AAPL.csv
6199,AAPL.csv
6200,AAPL.csv
6201,AAPL.csv
6202,AAPL.csv
6203,AAPL.csv
6204,AAPL.csv
6205,AAPL.csv
6206,AAPL.csv
6207,AAPL.csv
6208,AAPL.csv
6209,AAPL.csv
6210,AAPL.csv
6211,AAPL.csv
6212,AAPL.csv
6213,AAPL.csv
6214,AAPL.csv
6215,AAPL.csv
6216,AAPL.csv
6217,AAPL.csv
6218,AAPL.csv
6219,AAPL.csv
6220,AAPL.csv
6221,AAPL.csv
6222,AAPL.csv
6223,AAPL.csv
6224,AAPL.csv
6225,AAPL.csv
6226,AAPL.csv
6227,AAPL.csv
6228,AAPL.csv
6229,AAPL.csv
6230,AAPL.csv
6231,AAPL.csv
6232,AAPL.csv
6233,AAPL.csv
6234,AAPL.csv
6235,AAPL.csv
6236,AAPL.csv
6237,AAPL.csv
6238,AAPL.csv
6239,AAPL.csv
6240,AAPL.csv
6241,AAPL.csv
6242,AAPL.csv
6243,AAPL.csv
6244,AAPL.csv
6245,AAPL.csv
6246,AAPL.csv
6247,AAPL.csv
6248,AAPL.csv
6249,AAPL.csv
6250,AAPL.csv
6251,AAPL.csv
6252,AAPL.csv
6253,AAPL.csv
6254,AAPL.csv
6255,AAPL.csv
6256,AAPL.csv
6257,AAPL.csv
6258,AAPL.csv
6259,AAPL.csv
6260,AAPL.csv
6261,AAPL.csv
6262,AAPL.csv
6263,AAPL.csv
6264,AAPL.csv
6265,AAPL.csv
6266,AAPL.csv
6267,AAPL.csv
6268,AAPL.csv
6269,AAPL.csv
6270,AAPL.csv
6271,AAPL.csv
6272,AAPL.csv
6273,AAPL.csv
6274,AAPL.csv
6275,AAPL.csv
6276,AAPL.csv
6277,AAPL.csv
6278,AAPL.csv
6279,AAPL.csv
6280,AAPL.csv
6281,WMT.csv
6282,WMT.csv
6283,WMT.csv
6284,WMT.csv
6285,WMT.csv
6286,WMT.csv
6287,WMT.csv
6288,WMT.csv
6289,WMT.csv
6290,WMT.csv
6291,WMT.csv
6292,WMT.csv
6293,WMT.csv
6294,WMT.csv
6295,WMT.csv
6296,WMT.csv
6297,WMT.csv
6298,WMT.csv
6299,WMT.csv
6300,WMT.csv
6301,WMT.csv
6302,WMT.csv
6303,WMT.csv
6304,WMT.csv
6305,WMT.csv
6306,WMT.csv
6307,WMT.csv
6308,WMT.csv
6309,WMT.csv
6310,WMT.csv
6311,WMT.csv
6312,WMT.csv
6313,WMT.csv
6314,WMT.csv
6315,WMT.csv
6316,WMT.csv
6317,WMT.csv
6318,WMT.csv
6319,WMT.csv
6320,WMT.csv
6321,WMT.csv
6322,WMT.csv
6323,WMT.csv
6324,WMT.csv
6325,WMT.csv
6326,WMT.csv
6327,WMT.csv
6328,WMT.csv
6329,WMT.csv
6330,WMT.csv
6331,WMT.csv
6332,WMT.csv
6333,WMT.csv
6334,WMT.csv
6335,WMT.csv
6336,WMT.csv
6337,WMT.csv
6338,WMT.csv
6339,WMT.csv
6340,WMT.csv
6341,WMT.csv
6342,WMT.csv
6343,WMT.csv
6344,WMT.csv
6345,WMT.csv
6346,WMT.csv
6347,WMT.csv
6348,WMT.csv
6349,WMT.csv
6350,WMT.csv
6351,WMT.csv
6352,WMT.csv
6353,WMT.csv
6354,WMT.csv
6355,WMT.csv
6356,WMT.csv
6357,WMT.csv
6358,WMT.csv
6359,WMT.csv
6360,WMT.csv
6361,WMT.csv
6362,WMT.csv
6363,WMT.csv
6364,WMT.csv
6365,WMT.csv
6366,WMT.csv
6367,WMT.csv
6368,WMT.csv
6369,WMT.csv
6370,WMT.csv
6371,WMT.csv
6372,WMT.csv
6373,WMT.csv
6374,WMT.csv
6375,WMT.csv
6376,WMT.csv
6377,WMT.csv
6378,WMT.csv
6379,WMT.csv
6380,WMT.csv
6381,WMT.csv
6382,WMT.csv
6383,WMT.csv
6384,WMT.csv
6385,WMT.csv
6386,WMT.csv
6387,WMT.csv
6388,WMT.csv
6389,WMT.csv
6390,WMT.csv
6391,WMT.csv
6392,WMT.csv
6393,WMT.csv
6394,WMT.csv
6395,WMT.csv
6396,WMT.csv
6397,WMT.csv
6398,WMT.csv
6399,WMT.csv
6400,WMT.csv
6401,WMT.csv
6402,WMT.csv
6403,WMT.csv
6404,WMT.csv
6405,WMT.csv
6406,WMT.csv
6407,WMT.csv
6408,WMT.csv
6409,WMT.csv
6410,WMT.csv
6411,WMT.csv
6412,WMT.csv
6413,WMT.csv
6414,WMT.csv
6415,WMT.csv
6416,WMT.csv
6417,WMT.csv
6418,WMT.csv
6419,WMT.csv
6420,WMT.csv
6421,WMT.csv
6422,WMT.csv
6423,WMT.csv
6424,WMT.csv
6425,WMT.csv
6426,WMT.csv
6427,WMT.csv
6428,WMT.csv
6429,WMT.csv
6430,WMT.csv
6431,WMT.csv
6432,WMT.csv
6433,WMT.csv
6434,WMT.csv
6435,WMT.csv
6436,WMT.csv
6437,WMT.csv
6438,WMT.csv
6439,WMT.csv
6440,WMT.csv
6441,WMT.csv
6442,WMT.csv
6443,WMT.csv
6444,WMT.csv
6445,WMT.csv
6446,WMT.csv
6447,WMT.csv
6448,WMT.csv
6449,WMT.csv
6450,WMT.csv
6451,WMT.csv
6452,WMT.csv
6453,WMT.csv
6454,WMT.csv
6455,WMT.csv
6456,WMT.csv
6457,WMT.csv
6458,WMT.csv
6459,WMT.csv
6460,WMT.csv
6461,WMT.csv
6462,WMT.csv
6463,WMT.csv
6464,WMT.csv
6465,WMT.csv
6466,WMT.csv
6467,WMT.csv
6468,WMT.csv
6469,WMT.csv
6470,WMT.csv
6471,WMT.csv
6472,WMT.csv
6473,WMT.csv
6474,WMT.csv
6475,WMT.csv
6476,WMT.csv
6477,WMT.csv
6478,WMT.csv
6479,WMT.csv
6480,WMT.csv
6481,WMT.csv
6482,WMT.csv
6483,WMT.csv
6484,WMT.csv
6485,WMT.csv
6486,WMT.csv
6487,WMT.csv
6488,WMT.csv
6489,WMT.csv
6490,WMT.csv
6491,WMT.csv
6492,WMT.csv
6493,WMT.csv
6494,WMT.csv
6495,WMT.csv
6496,WMT.csv
6497,WMT.csv
6498,WMT.csv
6499,WMT.csv
6500,WMT.csv
6501,WMT.csv
6502,WMT.csv
6503,WMT.csv
6504,WMT.csv
6505,WMT.csv
6506,WMT.csv
6507,WMT.csv
6508,WMT.csv
6509,WMT.csv
6510,WMT.csv
6511,WMT.csv
6512,WMT.csv
6513,WMT.csv
6514,WMT.csv
6515,WMT.csv
6516,WMT.csv
6517,WMT.csv
6518,WMT.csv
6519,WMT.csv
6520,WMT.csv
6521,WMT.csv
6522,WMT.csv
6523,WMT.csv
6524,WMT.csv
6525,WMT.csv
6526,WMT.csv
6527,WMT.csv
6528,WMT.csv
6529,WMT.csv
6530,WMT.csv
6531,WMT.csv
6532,WMT.csv
6533,WMT.csv
6534,WMT.csv
6535,WMT.csv
6536,WMT.csv
6537,WMT.csv
6538,WMT.csv
6539,TRV.csv
6540,TRV.csv
6541,TRV.csv
6542,TRV.csv
6543,TRV.csv
6544,TRV.csv
6545,TRV.csv
6546,TRV.csv
6547,TRV.csv
6548,TRV.csv
6549,TRV.csv
6550,TRV.csv
6551,TRV.csv
6552,TRV.csv
6553,TRV.csv
6554,TRV.csv
6555,TRV.csv
6556,TRV.csv
6557,TRV.csv
6558,TRV.csv
6559,TRV.csv
6560,TRV.csv
6561,TRV.csv
6562,TRV.csv
6563,TRV.csv
6564,TRV.csv
6565,TRV.csv
6566,TRV.csv
6567,TRV.csv
6568,TRV.csv
6569,TRV.csv
6570,TRV.csv
6571,TRV.csv
6572,TRV.csv
6573,TRV.csv
6574,TRV.csv
6575,TRV.csv
6576,TRV.csv
6577,TRV.csv
6578,TRV.csv
6579,TRV.csv
6580,TRV.csv
6581,TRV.csv
6582,TRV.csv
6583,TRV.csv
6584,TRV.csv
6585,TRV.csv
6586,TRV.csv
6587,TRV.csv
6588,TRV.csv
6589,TRV.csv
6590,TRV.csv
6591,TRV.csv
6592,TRV.csv
6593,TRV.csv
6594,TRV.csv
6595,TRV.csv
6596,TRV.csv
6597,TRV.csv
6598,TRV.csv
6599,TRV.csv
6600,TRV.csv
6601,TRV.csv
6602,TRV.csv
6603,TRV.csv
6604,TRV.csv
6605,TRV.csv
6606,TRV.csv
6607,TRV.csv
6608,TRV.csv
6609,TRV.csv
6610,TRV.csv
6611,TRV.csv
6612,TRV.csv
6613,TRV.csv
6614,TRV.csv
6615,TRV.csv
6616,TRV.csv
6617,TRV.csv
6618,TRV.csv
6619,TRV.csv
6620,TRV.csv
6621,TRV.csv
6622,TRV.csv
6623,TRV.csv
6624,TRV.csv
6625,TRV.csv
6626,TRV.csv
6627,TRV.csv
6628,TRV.csv
6629,TRV.csv
6630,TRV.csv
6631,TRV.csv
6632,TRV.csv
6633,TRV.csv
6634,TRV.csv
6635,TRV.csv
6636,TRV.csv
6637,TRV.csv
6638,TRV.csv
6639,TRV.csv
6640,TRV.csv
6641,TRV.csv
6642,TRV.csv
6643,TRV.csv
6644,TRV.csv
6645,TRV.csv
6646,TRV.csv
6647,TRV.csv
6648,TRV.csv
6649,TRV.csv
6650,TRV.csv
6651,TRV.csv
6652,TRV.csv
6653,TRV.csv
6654,TRV.csv
6655,TRV.csv
6656,TRV.csv
6657,TRV.csv
6658,TRV.csv
6659,TRV.csv
6660,TRV.csv
6661,TRV.csv
6662,TRV.csv
6663,TRV.csv
6664,TRV.csv
6665,TRV.csv
6666,TRV.csv
6667,TRV.csv
6668,TRV.csv
6669,TRV.csv
6670,TRV.csv
6671,TRV.csv
6672,TRV.csv
6673,TRV.csv
6674,TRV.csv
6675,TRV.csv
6676,TRV.csv
6677,TRV.csv
6678,TRV.csv
6679,TRV.csv
6680,TRV.csv
6681,TRV.csv
6682,TRV.csv
6683,TRV.csv
6684,TRV.csv
6685,TRV.csv
6686,TRV.csv
6687,TRV.csv
6688,TRV.csv
6689,TRV.csv
6690,TRV.csv
6691,TRV.csv
6692,TRV.csv
6693,TRV.csv
6694,TRV.csv
6695,TRV.csv
6696,TRV.csv
6697,TRV.csv
6698,TRV.csv
6699,TRV.csv
6700,TRV.csv
6701,TRV.csv
6702,TRV.csv
6703,TRV.csv
6704,TRV.csv
6705,TRV.csv
6706,TRV.csv
6707,TRV.csv
6708,TRV.csv
6709,TRV.csv
6710,TRV.csv
6711,TRV.csv
6712,TRV.csv
6713,TRV.csv
6714,TRV.csv
6715,TRV.csv
6716,TRV.csv
6717,TRV.csv
6718,TRV.csv
6719,TRV.csv
6720,TRV.csv
6721,TRV.csv
6722,TRV.csv
6723,TRV.csv
6724,TRV.csv
6725,TRV.csv
6726,TRV.csv
6727,TRV.csv
6728,TRV.csv
6729,TRV.csv
6730,TRV.csv
6731,TRV.csv
6732,TRV.csv
6733,TRV.csv
6734,TRV.csv
6735,TRV.csv
6736,TRV.csv
6737,TRV.csv
6738,TRV.csv
6739,TRV.csv
6740,TRV.csv
6741,TRV.csv
6742,TRV.csv
6743,TRV.csv
6744,TRV.csv
6745,TRV.csv
6746,TRV.csv
6747,TRV.csv
6748,TRV.csv
6749,TRV.csv
6750,TRV.csv
6751,TRV.csv
6752,TRV.csv
6753,TRV.csv
6754,TRV.csv
6755,TRV.csv
6756,TRV.csv
6757,TRV.csv
6758,TRV.csv
6759,TRV.csv
6760,TRV.csv
6761,TRV.csv
6762,TRV.csv
6763,TRV.csv
6764,TRV.csv
6765,TRV.csv
6766,TRV.csv
6767,TRV.csv
6768,TRV.csv
6769,TRV.csv
6770,TRV.csv
6771,TRV.csv
6772,TRV.csv
6773,TRV.csv
6774,TRV.csv
6775,TRV.csv
6776,TRV.csv
6777,TRV.csv
6778,TRV.csv
6779,TRV.csv
6780,TRV.csv
6781,TRV.csv
6782,TRV.csv
6783,TRV.csv
6784,TRV.csv
6785,TRV.csv
6786,TRV.csv
6787,TRV.csv
6788,TRV.csv
6789,TRV.csv
6790,TRV.csv
6791,TRV.csv
6792,TRV.csv
6793,TRV.csv
6794,TRV.csv
6795,TRV.csv
6796,TRV.csv
6797,DOW.csv
6798,DOW.csv
6799,DOW.csv
6800,DOW.csv
6801,DOW.csv
6802,DOW.csv
6803,DOW.csv
6804,DOW.csv
6805,DOW.csv
6806,DOW.csv
6807,DOW.csv
6808,DOW.csv
6809,DOW.csv
6810,DOW.csv
6811,DOW.csv
6812,DOW.csv
6813,DOW.csv
6814,DOW.csv
6815,DOW.csv
6816,DOW.csv
6817,DOW.csv
6818,DOW.csv
6819,DOW.csv
6820,DOW.csv
6821,DOW.csv
6822,DOW.csv
6823,DOW.csv
6824,DOW.csv
6825,DOW.csv
6826,DOW.csv
6827,DOW.csv
6828,DOW.csv
6829,DOW.csv
6830,DOW.csv
6831,DOW.csv
6832,DOW.csv
6833,DOW.csv
6834,DOW.csv
6835,DOW.csv
6836,DOW.csv
6837,DOW.csv
6838,DOW.csv
6839,DOW.csv
6840,DOW.csv
6841,DOW.csv
6842,DOW.csv
6843,DOW.csv
6844,DOW.csv
6845,DOW.csv
6846,DOW.csv
6847,DOW.csv
6848,DOW.csv
6849,DOW.csv
6850,DOW.csv
6851,DOW.csv
6852,DOW.csv
6853,DOW.csv
6854,DOW.csv
6855,DOW.csv
6856,DOW.csv
6857,DOW.csv
6858,DOW.csv
6859,DOW.csv
6860,DOW.csv
6861,DOW.csv
6862,DOW.csv
6863,DOW.csv
6864,DOW.csv
6865,DOW.csv
6866,DOW.csv
6867,DOW.csv
6868,DOW.csv
6869,DOW.csv
6870,DOW.csv
6871,DOW.csv
6872,DOW.csv
6873,DOW.csv
6874,DOW.csv
6875,DOW.csv
6876,DOW.csv
6877,DOW.csv
6878,DOW.csv
6879,DOW.csv
6880,DOW.csv
6881,DOW.csv
6882,DOW.csv
6883,DOW.csv
6884,DOW.csv
6885,DOW.csv
6886,JNJ.csv
6887,JNJ.csv
6888,JNJ.csv
6889,JNJ.csv
6890,JNJ.csv
6891,JNJ.csv
6892,JNJ.csv
6893,JNJ.csv
6894,JNJ.csv
6895,JNJ.csv
6896,JNJ.csv
6897,JNJ.csv
6898,JNJ.csv
6899,JNJ.csv
6900,JNJ.csv
6901,JNJ.csv
6902,JNJ.csv
6903,JNJ.csv
6904,JNJ.csv
6905,JNJ.csv
6906,JNJ.csv
6907,JNJ.csv
6908,JNJ.csv
6909,JNJ.csv
6910,JNJ.csv
6911,JNJ.csv
6912,JNJ.csv
6913,JNJ.csv
6914,JNJ.csv
6915,JNJ.csv
6916,JNJ.csv
6917,JNJ.csv
6918,JNJ.csv
6919,JNJ.csv
6920,JNJ.csv
6921,JNJ.csv
6922,JNJ.csv
6923,JNJ.csv
6924,JNJ.csv
6925,JNJ.csv
6926,JNJ.csv
6927,JNJ.csv
6928,JNJ.csv
6929,JNJ.csv
6930,JNJ.csv
6931,JNJ.csv
6932,JNJ.csv
6933,JNJ.csv
6934,JNJ.csv
6935,JNJ.csv
6936,JNJ.csv
6937,JNJ.csv
6938,JNJ.csv
6939,JNJ.csv
6940,JNJ.csv
6941,JNJ.csv
6942,JNJ.csv
6943,JNJ.csv
6944,JNJ.csv
6945,JNJ.csv
6946,JNJ.csv
6947,JNJ.csv
6948,JNJ.csv
6949,JNJ.csv
6950,JNJ.csv
6951,JNJ.csv
6952,JNJ.csv
6953,JNJ.csv
6954,JNJ.csv
6955,JNJ.csv
6956,JNJ.csv
6957,JNJ.csv
6958,JNJ.csv
6959,JNJ.csv
6960,JNJ.csv
6961,JNJ.csv
6962,JNJ.csv
6963,JNJ.csv
6964,JNJ.csv
6965,JNJ.csv
6966,JNJ.csv
6967,JNJ.csv
6968,JNJ.csv
6969,JNJ.csv
6970,JNJ.csv
6971,JNJ.csv
6972,JNJ.csv
6973,JNJ.csv
6974,JNJ.csv
6975,JNJ.csv
6976,JNJ.csv
6977,JNJ.csv
6978,JNJ.csv
6979,JNJ.csv
6980,JNJ.csv
6981,JNJ.csv
6982,JNJ.csv
6983,JNJ.csv
6984,JNJ.csv
6985,JNJ.csv
6986,JNJ.csv
6987,JNJ.csv
6988,JNJ.csv
6989,JNJ.csv
6990,JNJ.csv
6991,JNJ.csv
6992,JNJ.csv
6993,JNJ.csv
6994,JNJ.csv
6995,JNJ.csv
6996,JNJ.csv
6997,JNJ.csv
6998,JNJ.csv
6999,JNJ.csv
7000,JNJ.csv
7001,JNJ.csv
7002,JNJ.csv
7003,JNJ.csv
7004,JNJ.csv
7005,JNJ.csv
7006,JNJ.csv
7007,JNJ.csv
7008,JNJ.csv
7009,JNJ.csv
7010,JNJ.csv
7011,JNJ.csv
7012,JNJ.csv
7013,JNJ.csv
7014,JNJ.csv
7015,JNJ.csv
7016,JNJ.csv
7017,JNJ.csv
7018,JNJ.csv
7019,JNJ.csv
7020,JNJ.csv
7021,JNJ.csv
7022,JNJ.csv
7023,JNJ.csv
7024,JNJ.csv
7025,JNJ.csv
7026,JNJ.csv
7027,JNJ.csv
7028,JNJ.csv
7029,JNJ.csv
7030,JNJ.csv
7031,JNJ.csv
7032,JNJ.csv
7033,JNJ.csv
7034,JNJ.csv
7035,JNJ.csv
7036,JNJ.csv
7037,JNJ.csv
7038,JNJ.csv
7039,JNJ.csv
7040,JNJ.csv
7041,JNJ.csv
7042,JNJ.csv
7043,JNJ.csv
7044,JNJ.csv
7045,JNJ.csv
7046,JNJ.csv
7047,JNJ.csv
7048,JNJ.csv
7049,JNJ.csv
7050,JNJ.csv
7051,JNJ.csv
7052,JNJ.csv
7053,JNJ.csv
7054,JNJ.csv
7055,JNJ.csv
7056,JNJ.csv
7057,JNJ.csv
7058,JNJ.csv
7059,JNJ.csv
7060,JNJ.csv
7061,JNJ.csv
7062,JNJ.csv
7063,JNJ.csv
7064,JNJ.csv
7065,JNJ.csv
7066,JNJ.csv
7067,JNJ.csv
7068,JNJ.csv
7069,JNJ.csv
7070,JNJ.csv
7071,JNJ.csv
7072,JNJ.csv
7073,JNJ.csv
7074,JNJ.csv
7075,JNJ.csv
7076,JNJ.csv
7077,JNJ.csv
7078,JNJ.csv
7079,JNJ.csv
7080,JNJ.csv
7081,JNJ.csv
7082,JNJ.csv
7083,JNJ.csv
7084,JNJ.csv
7085,JNJ.csv
7086,JNJ.csv
7087,JNJ.csv
7088,JNJ.csv
7089,JNJ.csv
7090,JNJ.csv
7091,JNJ.csv
7092,JNJ.csv
7093,JNJ.csv
7094,JNJ.csv
7095,JNJ.csv
7096,JNJ.csv
7097,JNJ.csv
7098,JNJ.csv
7099,JNJ.csv
7100,JNJ.csv
7101,JNJ.csv
7102,JNJ.csv
7103,JNJ.csv
7104,JNJ.csv
7105,JNJ.csv
7106,JNJ.csv
7107,JNJ.csv
7108,JNJ.csv
7109,JNJ.csv
7110,JNJ.csv
7111,JNJ.csv
7112,JNJ.csv
7113,JNJ.csv
7114,JNJ.csv
7115,JNJ.csv
7116,JNJ.csv
7117,JNJ.csv
7118,JNJ.csv
7119,JNJ.csv
7120,JNJ.csv
7121,JNJ.csv
7122,JNJ.csv
7123,JNJ.csv
7124,JNJ.csv
7125,JNJ.csv
7126,JNJ.csv
7127,JNJ.csv
7128,JNJ.csv
7129,JNJ.csv
7130,JNJ.csv
7131,JNJ.csv
7132,JNJ.csv
7133,JNJ.csv
7134,JNJ.csv
7135,JNJ.csv
7136,JNJ.csv
7137,JNJ.csv
7138,JNJ.csv
7139,JNJ.csv
7140,JNJ.csv
7141,JNJ.csv
7142,JNJ.csv
7143,JNJ.csv
7144,CRM.csv
7145,CRM.csv
7146,CRM.csv
7147,CRM.csv
7148,CRM.csv
7149,CRM.csv
7150,CRM.csv
7151,CRM.csv
7152,CRM.csv
7153,CRM.csv
7154,CRM.csv
7155,CRM.csv
7156,CRM.csv
7157,CRM.csv
7158,CRM.csv
7159,CRM.csv
7160,CRM.csv
7161,CRM.csv
7162,CRM.csv
7163,CRM.csv
7164,CRM.csv
7165,CRM.csv
7166,CRM.csv
7167,CRM.csv
7168,CRM.csv
7169,CRM.csv
7170,CRM.csv
7171,CRM.csv
7172,CRM.csv
7173,CRM.csv
7174,CRM.csv
7175,CRM.csv
7176,CRM.csv
7177,CRM.csv
7178,CRM.csv
7179,CRM.csv
7180,CRM.csv
7181,CRM.csv
7182,CRM.csv
7183,CRM.csv
7184,CRM.csv
7185,CRM.csv
7186,CRM.csv
7187,CRM.csv
7188,CRM.csv
7189,CRM.csv
7190,CRM.csv
7191,CRM.csv
7192,CRM.csv
7193,CRM.csv
7194,CRM.csv
7195,CRM.csv
7196,CRM.csv
7197,CRM.csv
7198,CRM.csv
7199,CRM.csv
7200,CRM.csv
7201,CRM.csv
7202,CRM.csv
7203,CRM.csv
7204,CRM.csv
7205,CRM.csv
7206,CRM.csv
7207,CRM.csv
7208,CRM.csv
7209,CRM.csv
7210,CRM.csv
7211,CRM.csv
7212,CRM.csv
7213,CRM.csv
7214,CRM.csv
7215,CRM.csv
7216,CRM.csv
7217,CRM.csv
7218,CRM.csv
7219,CRM.csv
7220,CRM.csv
7221,CRM.csv
7222,CRM.csv
7223,CRM.csv
7224,CRM.csv
7225,CRM.csv
7226,CRM.csv
7227,CRM.csv
7228,CRM.csv
7229,CRM.csv
7230,CRM.csv
7231,CRM.csv
7232,CRM.csv
7233,CRM.csv
7234,CRM.csv
7235,CRM.csv
7236,CRM.csv
7237,CRM.csv
7238,CRM.csv
7239,CRM.csv
7240,CRM.csv
7241,CRM.csv
7242,CRM.csv
7243,CRM.csv
7244,CRM.csv
7245,CRM.csv
7246,CRM.csv
7247,CRM.csv
7248,CRM.csv
7249,CRM.csv
7250,CRM.csv
7251,CRM.csv
7252,CRM.csv
7253,CRM.csv
7254,CRM.csv
7255,CRM.csv
7256,CRM.csv
7257,CRM.csv
7258,CRM.csv
7259,CRM.csv
7260,CRM.csv
7261,CRM.csv
7262,CRM.csv
7263,CRM.csv
7264,CRM.csv
7265,CRM.csv
7266,CRM.csv
7267,CRM.csv
7268,CRM.csv
7269,CRM.csv
7270,CRM.csv
7271,CRM.csv
7272,CRM.csv
7273,CRM.csv
7274,CRM.csv
7275,CRM.csv
7276,CRM.csv
7277,CRM.csv
7278,CRM.csv
7279,CRM.csv
7280,CRM.csv
7281,CRM.csv
7282,CRM.csv
7283,CRM.csv
7284,CRM.csv
7285,CRM.csv
7286,CRM.csv
7287,CRM.csv
7288,CRM.csv
7289,CRM.csv
7290,CRM.csv
7291,CRM.csv
7292,CRM.csv
7293,CRM.csv
7294,CRM.csv
7295,CRM.csv
7296,CRM.csv
7297,CRM.csv
7298,CRM.csv
7299,CRM.csv
7300,CRM.csv
7301,CRM.csv
7302,CRM.csv
7303,CRM.csv
7304,CRM.csv
7305,CRM.csv
7306,CRM.csv
7307,CRM.csv
7308,CRM.csv
7309,CRM.csv
7310,CRM.csv
7311,CRM.csv
7312,CRM.csv
7313,CRM.csv
7314,CRM.csv
7315,CRM.csv
7316,CRM.csv
7317,CRM.csv
7318,CRM.csv
7319,CRM.csv
7320,CRM.csv
7321,CRM.csv
7322,CRM.csv
7323,CRM.csv
7324,CRM.csv
7325,CRM.csv
7326,CRM.csv
7327,CRM.csv
7328,CRM.csv
7329,CRM.csv
7330,CRM.csv
7331,CRM.csv
7332,CRM.csv
7333,CRM.csv
7334,CRM.csv
7335,CRM.csv
7336,CRM.csv
7337,CRM.csv
7338,CRM.csv
7339,CRM.csv
7340,CRM.csv
7341,CRM.csv
7342,CRM.csv
7343,CRM.csv
7344,CRM.csv
7345,CRM.csv
7346,CRM.csv
7347,CRM.csv
7348,CRM.csv
7349,CRM.csv
7350,CRM.csv
7351,CRM.csv
7352,CRM.csv
7353,CRM.csv
7354,CRM.csv
7355,CRM.csv
7356,CRM.csv
7357,CRM.csv
7358,CRM.csv
7359,CRM.csv
7360,CRM.csv
7361,CRM.csv
7362,CRM.csv
7363,CRM.csv
7364,CRM.csv
7365,CRM.csv
7366,CRM.csv
7367,CRM.csv
7368,CRM.csv
7369,CRM.csv
7370,CRM.csv
7371,CRM.csv
7372,CRM.csv
7373,CRM.csv
7374,CRM.csv
7375,CRM.csv
7376,CRM.csv
7377,CRM.csv
7378,CRM.csv
7379,CRM.csv
7380,CRM.csv
7381,CRM.csv
7382,CRM.csv
7383,CRM.csv
7384,CRM.csv
7385,CRM.csv
7386,CRM.csv
7387,CRM.csv
7388,CRM.csv
7389,CRM.csv
7390,CRM.csv
7391,CRM.csv
7392,CRM.csv
7393,CRM.csv
7394,CRM.csv
7395,CRM.csv
7396,CRM.csv
7397,CRM.csv
7398,CRM.csv
7399,CRM.csv
7400,CRM.csv
7401,CRM.csv
